{
  "type": "FeatureCollection",
  "generator": "overpass-turbo",
  "copyright": "The data included in this document is from www.openstreetmap.org. The data is made available under ODbL.",
  "timestamp": "2026-09-08T00:08:19Z",
  "features": [
    {
      "type": "Feature",
      "properties": {
        "@id": "way/229354826",
        "highway": "tertiary",
        "surface": "asphalt"
      },
      "geometry": {
        "type": "LineString",
        "coordinates": [
          [
            -44.1082759,
            -20.1377555
          ],
          [
            -44.108424,
            -20.138156
          ],
          [
            -44.1085665,
            -20.1384407
          ],
          [
            -44.1086576,
            -20.1386011
          ],
          [
            -44.1086915,
            -20.1386475
          ],
          [
            -44.1088128,
            -20.1387261
          ],
          [
            -44.1089171,
            -20.1387629
          ],
          [
            -44.1091134,
            -20.1387876
          ],
          [
            -44.1096567,
            -20.1388404
          ],
          [
            -44.1099208,
            -20.1388726
          ],
          [
            -44.1101849,
            -20.1388669
          ],
          [
            -44.110331,
            -20.1388483
          ],
          [
            -44.1104847,
            -20.1388254
          ],
          [
            -44.1106323,
            -20.1388269
          ],
          [
            -44.1107381,
            -20.1388411
          ],
          [
            -44.1108568,
            -20.1388983
          ],
          [
            -44.1109936,
            -20.1390178
          ],
          [
            -44.1110757,
            -20.1390873
          ],
          [
            -44.1111079,
            -20.1391162
          ],
          [
            -44.1111399,
            -20.1391397
          ],
          [
            -44.1111723,
            -20.139159
          ],
          [
            -44.111242,
            -20.139188
          ],
          [
            -44.1112958,
            -20.1392012
          ],
          [
            -44.1117585,
            -20.1392958
          ],
          [
            -44.1118951,
            -20.1393252
          ],
          [
            -44.1119711,
            -20.13935
          ],
          [
            -44.1120292,
            -20.1393681
          ],
          [
            -44.1120659,
            -20.1393866
          ],
          [
            -44.1121097,
            -20.1394096
          ],
          [
            -44.1121486,
            -20.1394373
          ],
          [
            -44.1121875,
            -20.1394713
          ],
          [
            -44.1122156,
            -20.1394977
          ],
          [
            -44.1122451,
            -20.139538
          ],
          [
            -44.1122746,
            -20.1395859
          ],
          [
            -44.1122938,
            -20.1396364
          ],
          [
            -44.1123041,
            -20.1396791
          ],
          [
            -44.1123068,
            -20.1397345
          ],
          [
            -44.1123077,
            -20.1399008
          ],
          [
            -44.1123127,
            -20.1401363
          ],
          [
            -44.1123323,
            -20.1402356
          ],
          [
            -44.1123505,
            -20.1402982
          ],
          [
            -44.1123873,
            -20.1403942
          ],
          [
            -44.1124507,
            -20.1405327
          ],
          [
            -44.1125402,
            -20.1406876
          ],
          [
            -44.1126636,
            -20.1409181
          ],
          [
            -44.1127122,
            -20.1410266
          ],
          [
            -44.1127564,
            -20.1411546
          ],
          [
            -44.1127702,
            -20.1412076
          ],
          [
            -44.1128172,
            -20.1414492
          ],
          [
            -44.1128473,
            -20.1417037
          ],
          [
            -44.1128505,
            -20.1417691
          ],
          [
            -44.1128527,
            -20.1418447
          ],
          [
            -44.1128673,
            -20.1420337
          ],
          [
            -44.1128781,
            -20.1421091
          ],
          [
            -44.1128899,
            -20.1421742
          ],
          [
            -44.112905,
            -20.1422035
          ],
          [
            -44.1129276,
            -20.142232
          ],
          [
            -44.1129532,
            -20.1422602
          ],
          [
            -44.1135531,
            -20.1427499
          ],
          [
            -44.1136171,
            -20.1428066
          ],
          [
            -44.113668,
            -20.1428456
          ],
          [
            -44.1137257,
            -20.142857
          ],
          [
            -44.1137762,
            -20.1428658
          ],
          [
            -44.1138375,
            -20.1428646
          ],
          [
            -44.1139899,
            -20.1428484
          ],
          [
            -44.1142233,
            -20.1428041
          ],
          [
            -44.1142915,
            -20.1427957
          ],
          [
            -44.1143654,
            -20.142794
          ],
          [
            -44.1144246,
            -20.1428004
          ],
          [
            -44.1144714,
            -20.1428155
          ],
          [
            -44.114525,
            -20.1428394
          ],
          [
            -44.1146296,
            -20.1428897
          ],
          [
            -44.1147124,
            -20.1429325
          ],
          [
            -44.1149712,
            -20.1430775
          ],
          [
            -44.1152686,
            -20.143235
          ],
          [
            -44.1156715,
            -20.1434658
          ],
          [
            -44.1157991,
            -20.1435331
          ],
          [
            -44.1159385,
            -20.1436036
          ],
          [
            -44.1160733,
            -20.1436715
          ],
          [
            -44.1161759,
            -20.1437157
          ],
          [
            -44.1162594,
            -20.1437465
          ],
          [
            -44.1166531,
            -20.1438918
          ],
          [
            -44.1167901,
            -20.1439436
          ],
          [
            -44.1168798,
            -20.1439791
          ],
          [
            -44.1169645,
            -20.1440216
          ],
          [
            -44.1170168,
            -20.1440607
          ],
          [
            -44.1170651,
            -20.144101
          ],
          [
            -44.1171134,
            -20.1441601
          ],
          [
            -44.1171542,
            -20.1442196
          ],
          [
            -44.1173656,
            -20.1445298
          ],
          [
            -44.1173977,
            -20.1445744
          ],
          [
            -44.1174634,
            -20.1446512
          ],
          [
            -44.1175237,
            -20.1447141
          ],
          [
            -44.1175808,
            -20.1447616
          ],
          [
            -44.1176297,
            -20.144796
          ],
          [
            -44.1178443,
            -20.1449357
          ],
          [
            -44.1180088,
            -20.1450431
          ],
          [
            -44.1180682,
            -20.1450843
          ],
          [
            -44.1186192,
            -20.1454948
          ],
          [
            -44.1188072,
            -20.1456345
          ],
          [
            -44.1188867,
            -20.1456927
          ],
          [
            -44.118956,
            -20.1457315
          ],
          [
            -44.1190378,
            -20.1457717
          ],
          [
            -44.1191655,
            -20.145827
          ],
          [
            -44.1192283,
            -20.1458473
          ],
          [
            -44.1192795,
            -20.1458603
          ],
          [
            -44.1193436,
            -20.1458674
          ],
          [
            -44.1194043,
            -20.1458679
          ],
          [
            -44.1194885,
            -20.1458599
          ],
          [
            -44.1195986,
            -20.1458393
          ],
          [
            -44.1197222,
            -20.1457982
          ],
          [
            -44.1198143,
            -20.1457692
          ],
          [
            -44.1199598,
            -20.1456868
          ]
        ]
      },
      "id": "way/229354826"
    },
    {
      "type": "Feature",
      "properties": {
        "@id": "way/229354844",
        "highway": "residential",
        "name": "Praça da Matriz"
      },
      "geometry": {
        "type": "LineString",
        "coordinates": [
          [
            -44.1092899,
            -20.136523
          ],
          [
            -44.109351,
            -20.1363399
          ],
          [
            -44.1095705,
            -20.1356108
          ]
        ]
      },
      "id": "way/229354844"
    },
    {
      "type": "Feature",
      "properties": {
        "@id": "way/229354848",
        "highway": "residential"
      },
      "geometry": {
        "type": "LineString",
        "coordinates": [
          [
            -44.106953,
            -20.1352941
          ],
          [
            -44.10711,
            -20.1349652
          ]
        ]
      },
      "id": "way/229354848"
    },
    {
      "type": "Feature",
      "properties": {
        "@id": "way/229354871",
        "highway": "residential",
        "name": "Rua 5",
        "official_name": "Rua Cinco"
      },
      "geometry": {
        "type": "LineString",
        "coordinates": [
          [
            -44.1053823,
            -20.1323819
          ],
          [
            -44.1054383,
            -20.1324358
          ],
          [
            -44.1054847,
            -20.1325126
          ],
          [
            -44.1055414,
            -20.1326378
          ],
          [
            -44.1055797,
            -20.1327983
          ],
          [
            -44.1055591,
            -20.1329657
          ],
          [
            -44.1054368,
            -20.1332977
          ],
          [
            -44.1051582,
            -20.1338478
          ],
          [
            -44.1050847,
            -20.1340323
          ]
        ]
      },
      "id": "way/229354871"
    },
    {
      "type": "Feature",
      "properties": {
        "@id": "way/229354886",
        "highway": "residential",
        "surface": "unpaved"
      },
      "geometry": {
        "type": "LineString",
        "coordinates": [
          [
            -44.1131214,
            -20.1351896
          ],
          [
            -44.1131747,
            -20.1354247
          ],
          [
            -44.1132394,
            -20.1356969
          ],
          [
            -44.1132485,
            -20.1357869
          ],
          [
            -44.1132325,
            -20.1358462
          ],
          [
            -44.1131937,
            -20.1359248
          ],
          [
            -44.1131199,
            -20.1360387
          ],
          [
            -44.1130446,
            -20.1361598
          ],
          [
            -44.1129647,
            -20.1364192
          ],
          [
            -44.112938,
            -20.1365535
          ],
          [
            -44.1129045,
            -20.1367285
          ],
          [
            -44.1128589,
            -20.1368743
          ],
          [
            -44.1128452,
            -20.136945
          ],
          [
            -44.1128391,
            -20.1370036
          ],
          [
            -44.112849,
            -20.1370908
          ],
          [
            -44.1128562,
            -20.1371911
          ],
          [
            -44.1128475,
            -20.1372247
          ],
          [
            -44.1128334,
            -20.1372487
          ],
          [
            -44.112798,
            -20.1372765
          ],
          [
            -44.1127219,
            -20.1373265
          ],
          [
            -44.1126192,
            -20.1373887
          ],
          [
            -44.1125043,
            -20.1374701
          ],
          [
            -44.1123764,
            -20.1376487
          ],
          [
            -44.1122844,
            -20.1377745
          ],
          [
            -44.112206,
            -20.1378438
          ],
          [
            -44.1120325,
            -20.1379317
          ],
          [
            -44.1111772,
            -20.1382903
          ],
          [
            -44.1109215,
            -20.138376
          ],
          [
            -44.1107647,
            -20.1384268
          ],
          [
            -44.1106764,
            -20.1385025
          ],
          [
            -44.1105813,
            -20.1386354
          ],
          [
            -44.1104847,
            -20.1388254
          ]
        ]
      },
      "id": "way/229354886"
    },
    {
      "type": "Feature",
      "properties": {
        "@id": "way/229354940",
        "highway": "residential",
        "name": "Rua 2",
        "official_name": "Rua Dois",
        "surface": "unpaved"
      },
      "geometry": {
        "type": "LineString",
        "coordinates": [
          [
            -44.1127723,
            -20.1352657
          ],
          [
            -44.1128246,
            -20.1355761
          ],
          [
            -44.1128163,
            -20.1357019
          ],
          [
            -44.1127889,
            -20.1358583
          ],
          [
            -44.1127341,
            -20.1360641
          ],
          [
            -44.1127044,
            -20.1361363
          ],
          [
            -44.1126641,
            -20.136197
          ],
          [
            -44.1125134,
            -20.136372
          ],
          [
            -44.1118955,
            -20.1372386
          ],
          [
            -44.1117174,
            -20.1375059
          ],
          [
            -44.1114328,
            -20.137966
          ],
          [
            -44.1111772,
            -20.1382903
          ]
        ]
      },
      "id": "way/229354940"
    },
    {
      "type": "Feature",
      "properties": {
        "@id": "way/229354945",
        "highway": "residential",
        "name": "Beco Nossa Senhora das Dores"
      },
      "geometry": {
        "type": "LineString",
        "coordinates": [
          [
            -44.1053056,
            -20.1347905
          ],
          [
            -44.1049048,
            -20.1345871
          ],
          [
            -44.1048378,
            -20.1345512
          ],
          [
            -44.1048186,
            -20.1345207
          ],
          [
            -44.1048142,
            -20.1344993
          ],
          [
            -44.1048208,
            -20.1344688
          ],
          [
            -44.1048371,
            -20.1344239
          ],
          [
            -44.1049667,
            -20.1342247
          ],
          [
            -44.1050847,
            -20.1340323
          ]
        ]
      },
      "id": "way/229354945"
    },
    {
      "type": "Feature",
      "properties": {
        "@id": "way/229354950",
        "highway": "residential",
        "name": "Rua 3",
        "official_name": "Rua Três"
      },
      "geometry": {
        "type": "LineString",
        "coordinates": [
          [
            -44.1080906,
            -20.1349019
          ],
          [
            -44.1081451,
            -20.1342274
          ],
          [
            -44.1081613,
            -20.1339535
          ],
          [
            -44.1081731,
            -20.1338041
          ],
          [
            -44.1081834,
            -20.1337197
          ],
          [
            -44.1083529,
            -20.1330459
          ],
          [
            -44.1104234,
            -20.1333429
          ]
        ]
      },
      "id": "way/229354950"
    },
    {
      "type": "Feature",
      "properties": {
        "@id": "way/229354951",
        "highway": "tertiary",
        "name": "Rua Nossa Senhora das Dores",
        "surface": "asphalt"
      },
      "geometry": {
        "type": "LineString",
        "coordinates": [
          [
            -44.108532,
            -20.1352351
          ],
          [
            -44.1083256,
            -20.1354345
          ],
          [
            -44.1081039,
            -20.1355874
          ],
          [
            -44.1079322,
            -20.1356718
          ],
          [
            -44.1077775,
            -20.1357506
          ],
          [
            -44.1075992,
            -20.1358495
          ]
        ]
      },
      "id": "way/229354951"
    },
    {
      "type": "Feature",
      "properties": {
        "@id": "way/229354992",
        "highway": "residential",
        "name": "Rua 1",
        "official_name": "Rua Um"
      },
      "geometry": {
        "type": "LineString",
        "coordinates": [
          [
            -44.1054368,
            -20.1332977
          ],
          [
            -44.1057094,
            -20.133479
          ],
          [
            -44.1061382,
            -20.1338331
          ],
          [
            -44.1064078,
            -20.1340711
          ],
          [
            -44.1065463,
            -20.1341721
          ],
          [
            -44.1067364,
            -20.1342565
          ],
          [
            -44.1076507,
            -20.134639
          ],
          [
            -44.107787,
            -20.1347096
          ],
          [
            -44.1080906,
            -20.1349019
          ],
          [
            -44.108316,
            -20.1351073
          ]
        ]
      },
      "id": "way/229354992"
    },
    {
      "type": "Feature",
      "properties": {
        "@id": "way/432820123",
        "highway": "tertiary",
        "ref": "BMO-304",
        "surface": "ground"
      },
      "geometry": {
        "type": "LineString",
        "coordinates": [
          [
            -44.1263134,
            -20.139947
          ],
          [
            -44.1263699,
            -20.1399564
          ],
          [
            -44.1269023,
            -20.1400459
          ],
          [
            -44.1273889,
            -20.1401021
          ],
          [
            -44.128689,
            -20.140246
          ],
          [
            -44.1293603,
            -20.1403272
          ],
          [
            -44.129786,
            -20.1403835
          ],
          [
            -44.129886,
            -20.1403816
          ],
          [
            -44.1300425,
            -20.140363
          ],
          [
            -44.1301274,
            -20.1403313
          ],
          [
            -44.130228,
            -20.1402708
          ],
          [
            -44.1303232,
            -20.1401909
          ],
          [
            -44.1303796,
            -20.1401046
          ],
          [
            -44.130393,
            -20.1400543
          ],
          [
            -44.1303855,
            -20.1399714
          ],
          [
            -44.1303116,
            -20.1398019
          ],
          [
            -44.1293647,
            -20.1382173
          ],
          [
            -44.1289553,
            -20.1375184
          ],
          [
            -44.1283411,
            -20.1364885
          ],
          [
            -44.1282807,
            -20.1363487
          ],
          [
            -44.128274,
            -20.1361875
          ],
          [
            -44.128285,
            -20.1360134
          ],
          [
            -44.1284671,
            -20.1354056
          ],
          [
            -44.128553,
            -20.1350329
          ],
          [
            -44.1287594,
            -20.1338394
          ],
          [
            -44.1288692,
            -20.1332523
          ],
          [
            -44.1289448,
            -20.1328298
          ],
          [
            -44.1290519,
            -20.1324642
          ],
          [
            -44.1292101,
            -20.1321142
          ],
          [
            -44.129481,
            -20.1316483
          ],
          [
            -44.1300161,
            -20.1308084
          ],
          [
            -44.1302146,
            -20.130505
          ],
          [
            -44.130393,
            -20.1301826
          ],
          [
            -44.1305673,
            -20.1298174
          ],
          [
            -44.1306598,
            -20.1296626
          ],
          [
            -44.1307336,
            -20.1295845
          ],
          [
            -44.1308463,
            -20.1295077
          ],
          [
            -44.1310354,
            -20.1294195
          ],
          [
            -44.1311722,
            -20.1293566
          ],
          [
            -44.131258,
            -20.1292735
          ],
          [
            -44.131317,
            -20.1291261
          ],
          [
            -44.1313331,
            -20.1289914
          ],
          [
            -44.1313183,
            -20.1287824
          ],
          [
            -44.1313022,
            -20.1286262
          ],
          [
            -44.131317,
            -20.1285306
          ],
          [
            -44.1313532,
            -20.1284411
          ],
          [
            -44.131431,
            -20.12829
          ],
          [
            -44.1315638,
            -20.1280332
          ],
          [
            -44.1316402,
            -20.1278279
          ],
          [
            -44.1316912,
            -20.1275862
          ],
          [
            -44.131755,
            -20.1273566
          ],
          [
            -44.131832,
            -20.1271265
          ],
          [
            -44.1318977,
            -20.1269956
          ],
          [
            -44.1319433,
            -20.1269465
          ],
          [
            -44.1320127,
            -20.1269191
          ],
          [
            -44.1320596,
            -20.1269193
          ],
          [
            -44.132077,
            -20.1269321
          ],
          [
            -44.1320905,
            -20.1269515
          ],
          [
            -44.1321067,
            -20.1270449
          ],
          [
            -44.132127,
            -20.127192
          ],
          [
            -44.1321552,
            -20.1273482
          ],
          [
            -44.1321968,
            -20.1274854
          ],
          [
            -44.1322973,
            -20.1277033
          ],
          [
            -44.1324395,
            -20.1278921
          ],
          [
            -44.1326152,
            -20.1280382
          ],
          [
            -44.1328405,
            -20.1281805
          ],
          [
            -44.1330457,
            -20.1282661
          ],
          [
            -44.1333689,
            -20.1284223
          ],
          [
            -44.1336948,
            -20.1286401
          ],
          [
            -44.1339281,
            -20.1288592
          ],
          [
            -44.1341776,
            -20.129174
          ],
          [
            -44.1343331,
            -20.129339
          ],
          [
            -44.1344981,
            -20.1294523
          ],
          [
            -44.1346926,
            -20.1295291
          ],
          [
            -44.1349943,
            -20.1296059
          ],
          [
            -44.1355495,
            -20.129752
          ],
          [
            -44.1360337,
            -20.1299068
          ],
          [
            -44.1367042,
            -20.130102
          ],
          [
            -44.137065,
            -20.1302128
          ],
          [
            -44.1375035,
            -20.130408
          ],
          [
            -44.1379541,
            -20.1306472
          ],
          [
            -44.1383149,
            -20.1308311
          ],
          [
            -44.1386206,
            -20.1309683
          ],
          [
            -44.1388647,
            -20.1310703
          ],
          [
            -44.1389653,
            -20.1311421
          ],
          [
            -44.1390498,
            -20.1312542
          ],
          [
            -44.1391344,
            -20.1314537
          ],
          [
            -44.1392429,
            -20.1316974
          ],
          [
            -44.1393388,
            -20.1319536
          ],
          [
            -44.1394012,
            -20.1321123
          ],
          [
            -44.1395098,
            -20.1322514
          ],
          [
            -44.1396446,
            -20.1323666
          ],
          [
            -44.1397458,
            -20.1324403
          ],
          [
            -44.1398404,
            -20.1324693
          ],
          [
            -44.1399396,
            -20.1324617
          ],
          [
            -44.1400757,
            -20.1324189
          ],
          [
            -44.1402702,
            -20.132361
          ],
          [
            -44.1404848,
            -20.1323207
          ],
          [
            -44.1407101,
            -20.1322388
          ],
          [
            -44.1409662,
            -20.1321545
          ],
          [
            -44.1412546,
            -20.1321129
          ],
          [
            -44.141555,
            -20.132128
          ],
          [
            -44.1418326,
            -20.1321907
          ],
          [
            -44.1420713,
            -20.1322766
          ],
          [
            -44.1423328,
            -20.1323622
          ],
          [
            -44.1425605,
            -20.1323998
          ],
          [
            -44.1427419,
            -20.1324088
          ],
          [
            -44.1430463,
            -20.1323673
          ],
          [
            -44.1431977,
            -20.1325716
          ],
          [
            -44.1434553,
            -20.1328646
          ],
          [
            -44.1436647,
            -20.133096
          ],
          [
            -44.1438603,
            -20.133328
          ],
          [
            -44.1440803,
            -20.133605
          ],
          [
            -44.1441495,
            -20.1337093
          ],
          [
            -44.1441951,
            -20.1338222
          ],
          [
            -44.1442077,
            -20.1340042
          ],
          [
            -44.1441849,
            -20.1341653
          ],
          [
            -44.1441232,
            -20.1344209
          ],
          [
            -44.1440038,
            -20.1348138
          ]
        ]
      },
      "id": "way/432820123"
    },
    {
      "type": "Feature",
      "properties": {
        "@id": "way/456440390",
        "highway": "residential",
        "name": "Rua Nossa Senhora das Dores",
        "surface": "unpaved"
      },
      "geometry": {
        "type": "LineString",
        "coordinates": [
          [
            -44.1049667,
            -20.1342247
          ],
          [
            -44.1063739,
            -20.1349856
          ],
          [
            -44.106953,
            -20.1352941
          ],
          [
            -44.107096,
            -20.1354158
          ],
          [
            -44.1073082,
            -20.1355874
          ],
          [
            -44.1075992,
            -20.1358495
          ]
        ]
      },
      "id": "way/456440390"
    },
    {
      "type": "Feature",
      "properties": {
        "@id": "way/456440391",
        "highway": "tertiary",
        "name": "Rua 1",
        "note:pt": "De terra em boa extensão, com alguns trechos de asfalto, bastante larga e com movimentação constante de caminhões, daí sua classificação como tertiary",
        "official_name": "Rua Um",
        "oneway": "no",
        "ref": "BMO-305",
        "source": "GPS",
        "surface": "ground"
      },
      "geometry": {
        "type": "LineString",
        "coordinates": [
          [
            -44.1156613,
            -20.1347887
          ],
          [
            -44.1152922,
            -20.1348692
          ],
          [
            -44.1141486,
            -20.1350459
          ],
          [
            -44.1139503,
            -20.1350713
          ],
          [
            -44.113651,
            -20.1351165
          ],
          [
            -44.1134266,
            -20.1351577
          ],
          [
            -44.1132459,
            -20.1351851
          ],
          [
            -44.1131214,
            -20.1351896
          ],
          [
            -44.1127723,
            -20.1352657
          ],
          [
            -44.1126085,
            -20.1352963
          ],
          [
            -44.1122894,
            -20.1353356
          ],
          [
            -44.1120234,
            -20.1353577
          ],
          [
            -44.1118901,
            -20.1353881
          ],
          [
            -44.1117199,
            -20.1354601
          ],
          [
            -44.1114944,
            -20.1355804
          ],
          [
            -44.1113206,
            -20.1356565
          ],
          [
            -44.1112546,
            -20.1356825
          ],
          [
            -44.1111927,
            -20.1357005
          ],
          [
            -44.1110553,
            -20.1357271
          ],
          [
            -44.1108873,
            -20.1357229
          ],
          [
            -44.1106251,
            -20.1356967
          ],
          [
            -44.1104312,
            -20.1356659
          ],
          [
            -44.110267,
            -20.135651
          ],
          [
            -44.1101528,
            -20.1356406
          ],
          [
            -44.1100607,
            -20.1356337
          ],
          [
            -44.1098006,
            -20.1356123
          ],
          [
            -44.1095705,
            -20.1356108
          ],
          [
            -44.1093991,
            -20.1355964
          ],
          [
            -44.109114,
            -20.1355217
          ],
          [
            -44.1088671,
            -20.1354214
          ],
          [
            -44.1087574,
            -20.1353632
          ],
          [
            -44.108532,
            -20.1352351
          ],
          [
            -44.108316,
            -20.1351073
          ]
        ]
      },
      "id": "way/456440391"
    },
    {
      "type": "Feature",
      "properties": {
        "@id": "way/456440392",
        "highway": "tertiary",
        "name": "Rua 6",
        "note:pt": "De terra em boa extensão, com alguns trechos de asfalto, bastante larga e com movimentação constante de caminhões, daí sua classificação como tertiary",
        "official_name": "Rua Seis",
        "oneway": "no",
        "ref": "BMO-305",
        "source": "GPS",
        "surface": "asphalt"
      },
      "geometry": {
        "type": "LineString",
        "coordinates": [
          [
            -44.108316,
            -20.1351073
          ],
          [
            -44.10807,
            -20.1350907
          ],
          [
            -44.10779,
            -20.135063
          ],
          [
            -44.1075459,
            -20.1350252
          ],
          [
            -44.1073935,
            -20.1350109
          ],
          [
            -44.107161,
            -20.1349721
          ],
          [
            -44.10711,
            -20.1349652
          ],
          [
            -44.107048,
            -20.1349402
          ],
          [
            -44.1068469,
            -20.1348541
          ],
          [
            -44.1067909,
            -20.1348223
          ],
          [
            -44.1067364,
            -20.1347933
          ],
          [
            -44.1064948,
            -20.1346425
          ],
          [
            -44.1063607,
            -20.1345705
          ],
          [
            -44.1062119,
            -20.1345027
          ],
          [
            -44.106091,
            -20.1344598
          ],
          [
            -44.1059113,
            -20.1344031
          ],
          [
            -44.1057521,
            -20.1343464
          ],
          [
            -44.1056348,
            -20.1342724
          ],
          [
            -44.105546,
            -20.1342038
          ],
          [
            -44.1054618,
            -20.1341024
          ],
          [
            -44.1053827,
            -20.1340495
          ],
          [
            -44.1053264,
            -20.1340306
          ],
          [
            -44.1052372,
            -20.1340193
          ],
          [
            -44.1051587,
            -20.1340306
          ],
          [
            -44.1050847,
            -20.1340323
          ]
        ]
      },
      "id": "way/456440392"
    },
    {
      "type": "Feature",
      "properties": {
        "@id": "way/459073978",
        "highway": "unclassified",
        "source:highway": "schema_br2013",
        "source:highway_classification": "IBGE",
        "surface": "unpaved"
      },
      "geometry": {
        "type": "LineString",
        "coordinates": [
          [
            -44.108424,
            -20.138156
          ],
          [
            -44.108491,
            -20.1385718
          ],
          [
            -44.1085168,
            -20.138854
          ],
          [
            -44.1085244,
            -20.1389487
          ],
          [
            -44.1085378,
            -20.1390521
          ],
          [
            -44.1085267,
            -20.139156
          ],
          [
            -44.1085102,
            -20.139261
          ],
          [
            -44.1083493,
            -20.1398141
          ],
          [
            -44.1083117,
            -20.139912
          ],
          [
            -44.1082849,
            -20.1399712
          ],
          [
            -44.1082621,
            -20.140019
          ],
          [
            -44.1082218,
            -20.1400786
          ],
          [
            -44.1081709,
            -20.1401223
          ],
          [
            -44.1081253,
            -20.1401525
          ],
          [
            -44.1080864,
            -20.1401688
          ],
          [
            -44.1080314,
            -20.1401869
          ],
          [
            -44.107625,
            -20.1402557
          ],
          [
            -44.107503,
            -20.1402859
          ],
          [
            -44.1073582,
            -20.1403192
          ],
          [
            -44.1072361,
            -20.1403577
          ],
          [
            -44.1071074,
            -20.140393
          ],
          [
            -44.1070417,
            -20.1404144
          ],
          [
            -44.1070001,
            -20.1404333
          ],
          [
            -44.1069666,
            -20.1404471
          ],
          [
            -44.1068969,
            -20.1404916
          ],
          [
            -44.1068485,
            -20.1405327
          ],
          [
            -44.1068204,
            -20.1405692
          ],
          [
            -44.1068003,
            -20.1406057
          ],
          [
            -44.1067279,
            -20.1407862
          ],
          [
            -44.1065535,
            -20.1411321
          ],
          [
            -44.1065106,
            -20.1412118
          ],
          [
            -44.106465,
            -20.1412781
          ],
          [
            -44.1063577,
            -20.1413965
          ],
          [
            -44.1062665,
            -20.1414947
          ],
          [
            -44.1061922,
            -20.1415927
          ],
          [
            -44.1061592,
            -20.1416458
          ],
          [
            -44.1061416,
            -20.1416882
          ],
          [
            -44.1060922,
            -20.1418271
          ],
          [
            -44.1060707,
            -20.1418925
          ],
          [
            -44.1060569,
            -20.1419546
          ],
          [
            -44.1060492,
            -20.142026
          ],
          [
            -44.1060469,
            -20.142078
          ],
          [
            -44.1060586,
            -20.1421381
          ],
          [
            -44.1060684,
            -20.1421839
          ],
          [
            -44.1061002,
            -20.1422526
          ],
          [
            -44.106186,
            -20.1424226
          ],
          [
            -44.1062075,
            -20.1424679
          ],
          [
            -44.1062171,
            -20.1425086
          ],
          [
            -44.1062222,
            -20.1425636
          ],
          [
            -44.1062249,
            -20.1426404
          ],
          [
            -44.1062169,
            -20.1427441
          ],
          [
            -44.1062129,
            -20.1428797
          ],
          [
            -44.1062125,
            -20.1429649
          ],
          [
            -44.1062531,
            -20.1434085
          ],
          [
            -44.1062538,
            -20.1434876
          ],
          [
            -44.1062504,
            -20.1436074
          ],
          [
            -44.1061941,
            -20.1440607
          ],
          [
            -44.1061297,
            -20.1444283
          ],
          [
            -44.1060848,
            -20.1446774
          ],
          [
            -44.1060546,
            -20.144864
          ],
          [
            -44.1060399,
            -20.1449445
          ],
          [
            -44.1060379,
            -20.1449884
          ],
          [
            -44.1060466,
            -20.1450276
          ],
          [
            -44.1060814,
            -20.1450969
          ],
          [
            -44.1061197,
            -20.1451685
          ],
          [
            -44.1061378,
            -20.1452165
          ],
          [
            -44.1061538,
            -20.145258
          ],
          [
            -44.1061659,
            -20.1453097
          ],
          [
            -44.1062075,
            -20.1457743
          ],
          [
            -44.1062122,
            -20.145827
          ],
          [
            -44.1062102,
            -20.1458687
          ],
          [
            -44.1061572,
            -20.1463759
          ],
          [
            -44.1061512,
            -20.1464315
          ],
          [
            -44.1061378,
            -20.1464806
          ],
          [
            -44.1060888,
            -20.1466755
          ],
          [
            -44.106001,
            -20.1470849
          ],
          [
            -44.1059795,
            -20.1471957
          ],
          [
            -44.1059521,
            -20.1472962
          ],
          [
            -44.1059205,
            -20.1474123
          ],
          [
            -44.105899,
            -20.1474576
          ],
          [
            -44.1056463,
            -20.1479094
          ],
          [
            -44.1055611,
            -20.148067
          ],
          [
            -44.1055128,
            -20.1482004
          ],
          [
            -44.1054592,
            -20.1483767
          ],
          [
            -44.105437,
            -20.1484633
          ],
          [
            -44.1053814,
            -20.1488702
          ],
          [
            -44.1053653,
            -20.1489483
          ],
          [
            -44.1053385,
            -20.1490465
          ],
          [
            -44.105317,
            -20.1490969
          ],
          [
            -44.1052922,
            -20.1491407
          ],
          [
            -44.1052687,
            -20.1491724
          ],
          [
            -44.1052392,
            -20.1491963
          ],
          [
            -44.105211,
            -20.1492114
          ],
          [
            -44.1051702,
            -20.1492124
          ],
          [
            -44.1051078,
            -20.1492026
          ],
          [
            -44.1050166,
            -20.1491774
          ],
          [
            -44.1049388,
            -20.1491598
          ],
          [
            -44.1048878,
            -20.1491497
          ],
          [
            -44.104686,
            -20.1491282
          ],
          [
            -44.1046257,
            -20.1491233
          ],
          [
            -44.1045928,
            -20.1491208
          ],
          [
            -44.1045673,
            -20.1491227
          ],
          [
            -44.1045459,
            -20.1491277
          ],
          [
            -44.1045284,
            -20.1491346
          ],
          [
            -44.104511,
            -20.1491491
          ],
          [
            -44.1043929,
            -20.1492704
          ]
        ]
      },
      "id": "way/459073978"
    },
    {
      "type": "Feature",
      "properties": {
        "@id": "way/508467293",
        "highway": "unclassified",
        "surface": "unpaved"
      },
      "geometry": {
        "type": "LineString",
        "coordinates": [
          [
            -44.1604082,
            -20.1081089
          ],
          [
            -44.1602419,
            -20.1082399
          ],
          [
            -44.1601568,
            -20.1083122
          ],
          [
            -44.159965,
            -20.1084779
          ],
          [
            -44.1595995,
            -20.1088128
          ],
          [
            -44.1590577,
            -20.1092058
          ],
          [
            -44.1588639,
            -20.1093559
          ],
          [
            -44.1580492,
            -20.1099866
          ],
          [
            -44.157726,
            -20.1101528
          ],
          [
            -44.1574055,
            -20.1102838
          ],
          [
            -44.1569676,
            -20.1104865
          ],
          [
            -44.1566598,
            -20.1106213
          ],
          [
            -44.155823,
            -20.1109739
          ],
          [
            -44.1549969,
            -20.1112963
          ],
          [
            -44.1542472,
            -20.1114537
          ],
          [
            -44.1538006,
            -20.1115217
          ],
          [
            -44.1534694,
            -20.1115444
          ],
          [
            -44.1531864,
            -20.1115532
          ],
          [
            -44.1528605,
            -20.1115381
          ],
          [
            -44.1525507,
            -20.1115104
          ],
          [
            -44.1521041,
            -20.1114411
          ],
          [
            -44.1517796,
            -20.1113693
          ],
          [
            -44.1514322,
            -20.111266
          ],
          [
            -44.1511492,
            -20.111159
          ],
          [
            -44.1507778,
            -20.1110041
          ],
          [
            -44.150421,
            -20.1108265
          ],
          [
            -44.1499557,
            -20.1105445
          ],
          [
            -44.149092,
            -20.1100042
          ],
          [
            -44.1488345,
            -20.1098279
          ],
          [
            -44.1486307,
            -20.1096717
          ],
          [
            -44.1484992,
            -20.1095307
          ],
          [
            -44.1482659,
            -20.1092536
          ],
          [
            -44.1478676,
            -20.1087499
          ],
          [
            -44.1473821,
            -20.1081126
          ],
          [
            -44.1471232,
            -20.1077928
          ],
          [
            -44.1469221,
            -20.1075825
          ],
          [
            -44.1467759,
            -20.1074502
          ],
          [
            -44.1465734,
            -20.1073117
          ],
          [
            -44.146328,
            -20.1071807
          ],
          [
            -44.146108,
            -20.10709
          ],
          [
            -44.1454522,
            -20.1068734
          ],
          [
            -44.1449963,
            -20.1067374
          ],
          [
            -44.1446234,
            -20.1066253
          ],
          [
            -44.1444625,
            -20.1065913
          ],
          [
            -44.1443405,
            -20.1065787
          ],
          [
            -44.1442171,
            -20.1065762
          ],
          [
            -44.1441017,
            -20.1065939
          ],
          [
            -44.1438496,
            -20.1066505
          ],
          [
            -44.1434205,
            -20.1067614
          ],
          [
            -44.1432019,
            -20.1068042
          ],
          [
            -44.1429873,
            -20.1068281
          ],
          [
            -44.1426024,
            -20.106847
          ],
          [
            -44.1423301,
            -20.1068533
          ],
          [
            -44.1421531,
            -20.1068571
          ],
          [
            -44.1419573,
            -20.1068722
          ],
          [
            -44.1418742,
            -20.1068961
          ],
          [
            -44.1417937,
            -20.1069339
          ],
          [
            -44.1417266,
            -20.1069893
          ],
          [
            -44.1416529,
            -20.1070737
          ],
          [
            -44.1416073,
            -20.1071505
          ],
          [
            -44.141563,
            -20.1072525
          ],
          [
            -44.1415215,
            -20.1073986
          ],
          [
            -44.1414651,
            -20.1074968
          ],
          [
            -44.1414061,
            -20.1075459
          ],
          [
            -44.1413163,
            -20.1075888
          ],
          [
            -44.1412412,
            -20.1076127
          ],
          [
            -44.1411634,
            -20.1076127
          ],
          [
            -44.1410856,
            -20.1075913
          ],
          [
            -44.1407879,
            -20.1074376
          ],
          [
            -44.1406605,
            -20.1073772
          ],
          [
            -44.1405612,
            -20.1073596
          ],
          [
            -44.1404727,
            -20.1073646
          ],
          [
            -44.1403735,
            -20.1073847
          ],
          [
            -44.1402259,
            -20.1074213
          ],
          [
            -44.139998,
            -20.1074754
          ],
          [
            -44.1399141,
            -20.1074754
          ],
          [
            -44.1398531,
            -20.1074578
          ],
          [
            -44.1397988,
            -20.1074244
          ],
          [
            -44.1397532,
            -20.1073784
          ],
          [
            -44.139719,
            -20.1073193
          ],
          [
            -44.1396942,
            -20.1072563
          ],
          [
            -44.1396707,
            -20.1071688
          ],
          [
            -44.1395742,
            -20.1067475
          ],
          [
            -44.1395313,
            -20.1066241
          ],
          [
            -44.1394857,
            -20.1065321
          ],
          [
            -44.1393998,
            -20.1064276
          ],
          [
            -44.1392966,
            -20.1063407
          ],
          [
            -44.1392121,
            -20.1062992
          ],
          [
            -44.1391021,
            -20.1062765
          ],
          [
            -44.138968,
            -20.1062853
          ],
          [
            -44.1384557,
            -20.1063621
          ],
          [
            -44.1382934,
            -20.1063999
          ],
          [
            -44.138158,
            -20.106449
          ],
          [
            -44.1380185,
            -20.1065284
          ],
          [
            -44.1378146,
            -20.1066656
          ],
          [
            -44.1374901,
            -20.1068923
          ],
          [
            -44.1373037,
            -20.107046
          ],
          [
            -44.1369134,
            -20.1074175
          ],
          [
            -44.1366653,
            -20.1076416
          ],
          [
            -44.1363099,
            -20.10793
          ],
          [
            -44.1360551,
            -20.1081265
          ],
          [
            -44.1359532,
            -20.1081819
          ],
          [
            -44.1358298,
            -20.1082071
          ],
          [
            -44.1356984,
            -20.1082096
          ],
          [
            -44.1355602,
            -20.1081844
          ],
          [
            -44.1350479,
            -20.1079993
          ],
          [
            -44.1348508,
            -20.1079552
          ],
          [
            -44.1346429,
            -20.1079489
          ],
          [
            -44.1345169,
            -20.1079729
          ],
          [
            -44.1342406,
            -20.1080912
          ],
          [
            -44.1340354,
            -20.108221
          ],
          [
            -44.1337618,
            -20.1084577
          ],
          [
            -44.1336089,
            -20.1085736
          ],
          [
            -44.1334762,
            -20.1086416
          ],
          [
            -44.1332307,
            -20.1087323
          ],
          [
            -44.1330604,
            -20.1087977
          ],
          [
            -44.1329183,
            -20.108867
          ],
          [
            -44.1327238,
            -20.1089791
          ],
          [
            -44.1325817,
            -20.1090546
          ],
          [
            -44.1324864,
            -20.1090924
          ],
          [
            -44.1323939,
            -20.1091126
          ],
          [
            -44.1322477,
            -20.1091239
          ],
          [
            -44.132127,
            -20.1091428
          ],
          [
            -44.1320238,
            -20.109168
          ],
          [
            -44.1317019,
            -20.1092335
          ],
          [
            -44.1313612,
            -20.1093342
          ],
          [
            -44.1308248,
            -20.1093896
          ],
          [
            -44.129827,
            -20.1094324
          ],
          [
            -44.1292959,
            -20.109435
          ],
          [
            -44.1289285,
            -20.1093896
          ],
          [
            -44.1284752,
            -20.1092838
          ],
          [
            -44.128046,
            -20.1091478
          ],
          [
            -44.1271743,
            -20.108833
          ],
          [
            -44.1268712,
            -20.1087524
          ],
          [
            -44.1266459,
            -20.1087272
          ],
          [
            -44.1264378,
            -20.1087156
          ],
          [
            -44.1261765,
            -20.1086642
          ],
          [
            -44.1259083,
            -20.1085761
          ],
          [
            -44.1256374,
            -20.1084224
          ],
          [
            -44.125337,
            -20.108226
          ],
          [
            -44.125042,
            -20.1079666
          ],
          [
            -44.1242722,
            -20.1072135
          ],
          [
            -44.1241166,
            -20.1070824
          ],
          [
            -44.123945,
            -20.1069716
          ],
          [
            -44.1237291,
            -20.1068617
          ],
          [
            -44.1225529,
            -20.1063017
          ],
          [
            -44.1224268,
            -20.1062223
          ],
          [
            -44.1223061,
            -20.1061228
          ],
          [
            -44.1221371,
            -20.1059314
          ],
          [
            -44.1220084,
            -20.1058282
          ],
          [
            -44.121893,
            -20.1057727
          ],
          [
            -44.1217724,
            -20.1057425
          ],
          [
            -44.1216543,
            -20.1057324
          ],
          [
            -44.1214398,
            -20.105745
          ],
          [
            -44.1208363,
            -20.1057727
          ],
          [
            -44.1205345,
            -20.1057853
          ],
          [
            -44.1203937,
            -20.1057639
          ],
          [
            -44.1202502,
            -20.1057085
          ],
          [
            -44.1200105,
            -20.1055565
          ],
          [
            -44.1196172,
            -20.1052665
          ],
          [
            -44.1194911,
            -20.1051632
          ],
          [
            -44.1193932,
            -20.1050385
          ],
          [
            -44.1193101,
            -20.1049252
          ],
          [
            -44.1192095,
            -20.1048433
          ],
          [
            -44.11907,
            -20.1047778
          ],
          [
            -44.1185953,
            -20.1045688
          ],
          [
            -44.1184826,
            -20.1045373
          ],
          [
            -44.1183512,
            -20.1045247
          ],
          [
            -44.1182144,
            -20.1045285
          ],
          [
            -44.1177584,
            -20.1046393
          ],
          [
            -44.1174111,
            -20.1047212
          ],
          [
            -44.1171402,
            -20.1047552
          ],
          [
            -44.1169564,
            -20.1047476
          ],
          [
            -44.1168076,
            -20.1047174
          ],
          [
            -44.1161115,
            -20.1044781
          ],
          [
            -44.1159345,
            -20.1044491
          ],
          [
            -44.1156341,
            -20.1044378
          ],
          [
            -44.1154142,
            -20.1044693
          ],
          [
            -44.1152009,
            -20.1045436
          ],
          [
            -44.1150346,
            -20.1046506
          ],
          [
            -44.1144714,
            -20.1050939
          ],
          [
            -44.1142058,
            -20.1051821
          ],
          [
            -44.113939,
            -20.1052312
          ],
          [
            -44.1137016,
            -20.1052249
          ],
          [
            -44.1135018,
            -20.1051808
          ],
          [
            -44.1133113,
            -20.1051078
          ],
          [
            -44.112449,
            -20.1045612
          ],
          [
            -44.1121808,
            -20.1044794
          ],
          [
            -44.1118884,
            -20.1044529
          ],
          [
            -44.1116591,
            -20.104468
          ],
          [
            -44.111423,
            -20.1045713
          ],
          [
            -44.111183,
            -20.1047199
          ],
          [
            -44.110841,
            -20.1050196
          ],
          [
            -44.1105151,
            -20.1053118
          ],
          [
            -44.1101906,
            -20.1054831
          ],
          [
            -44.109925,
            -20.1055612
          ],
          [
            -44.109697,
            -20.1055687
          ],
          [
            -44.1094664,
            -20.1055158
          ],
          [
            -44.1092545,
            -20.10541
          ],
          [
            -44.1090855,
            -20.1052211
          ],
          [
            -44.1089514,
            -20.1049819
          ],
          [
            -44.108522,
            -20.1040503
          ],
          [
            -44.1082084,
            -20.1034958
          ],
          [
            -44.1080797,
            -20.1033497
          ],
          [
            -44.1079456,
            -20.1032288
          ],
          [
            -44.1077095,
            -20.103123
          ],
          [
            -44.1074601,
            -20.1030449
          ],
          [
            -44.107208,
            -20.1030222
          ],
          [
            -44.1069853,
            -20.1030499
          ],
          [
            -44.1067868,
            -20.1030978
          ],
          [
            -44.1058454,
            -20.1035008
          ],
          [
            -44.1056496,
            -20.1035361
          ],
          [
            -44.1054179,
            -20.1035552
          ],
          [
            -44.1051775,
            -20.1035386
          ],
          [
            -44.1048369,
            -20.1034655
          ],
          [
            -44.1045043,
            -20.1034026
          ],
          [
            -44.1041717,
            -20.1033724
          ],
          [
            -44.1036031,
            -20.1034051
          ],
          [
            -44.1032973,
            -20.1034605
          ],
          [
            -44.1031015,
            -20.1035386
          ],
          [
            -44.1029754,
            -20.1036494
          ],
          [
            -44.1027528,
            -20.1040096
          ],
          [
            -44.1026589,
            -20.1041532
          ],
          [
            -44.102518,
            -20.1042659
          ],
          [
            -44.10238,
            -20.1043333
          ],
          [
            -44.102203,
            -20.1043622
          ]
        ]
      },
      "id": "way/508467293"
    },
    {
      "type": "Feature",
      "properties": {
        "@id": "way/508467302",
        "highway": "residential",
        "name": "Alameda dos Pinheiros",
        "surface": "unpaved"
      },
      "geometry": {
        "type": "LineString",
        "coordinates": [
          [
            -44.1219832,
            -20.1351922
          ],
          [
            -44.1216648,
            -20.1353196
          ],
          [
            -44.1215704,
            -20.1353668
          ],
          [
            -44.1215171,
            -20.1354175
          ],
          [
            -44.1214943,
            -20.135484
          ],
          [
            -44.1214791,
            -20.1357026
          ],
          [
            -44.1215308,
            -20.1359526
          ],
          [
            -44.1216039,
            -20.1361841
          ],
          [
            -44.1216617,
            -20.1363427
          ],
          [
            -44.1220194,
            -20.1369572
          ],
          [
            -44.1224364,
            -20.1374716
          ],
          [
            -44.1226981,
            -20.1377388
          ],
          [
            -44.1229812,
            -20.1380703
          ],
          [
            -44.1232126,
            -20.138276
          ],
          [
            -44.1234987,
            -20.1384475
          ]
        ]
      },
      "id": "way/508467302"
    },
    {
      "type": "Feature",
      "properties": {
        "@id": "way/666140810",
        "highway": "service",
        "surface": "unpaved"
      },
      "geometry": {
        "type": "LineString",
        "coordinates": [
          [
            -44.1277751,
            -20.118225
          ],
          [
            -44.1278422,
            -20.1183043
          ],
          [
            -44.1279267,
            -20.1184239
          ],
          [
            -44.1280192,
            -20.1185599
          ],
          [
            -44.1281587,
            -20.1187161
          ],
          [
            -44.1286308,
            -20.1191719
          ],
          [
            -44.1287997,
            -20.1193331
          ],
          [
            -44.1288577,
            -20.1194196
          ],
          [
            -44.1289178,
            -20.1195094
          ],
          [
            -44.1290036,
            -20.1196958
          ],
          [
            -44.1290626,
            -20.1198746
          ],
          [
            -44.1291136,
            -20.1200534
          ],
          [
            -44.1292799,
            -20.1208342
          ],
          [
            -44.1293362,
            -20.1210936
          ],
          [
            -44.129355,
            -20.1212951
          ],
          [
            -44.1293791,
            -20.1217106
          ],
          [
            -44.1293845,
            -20.1219423
          ],
          [
            -44.1293791,
            -20.1221186
          ],
          [
            -44.1293335,
            -20.1222999
          ],
          [
            -44.1292557,
            -20.1224813
          ],
          [
            -44.1291404,
            -20.122645
          ],
          [
            -44.1290599,
            -20.1227608
          ],
          [
            -44.1289204,
            -20.122927
          ],
          [
            -44.1287729,
            -20.1230605
          ],
          [
            -44.1286227,
            -20.1231461
          ],
          [
            -44.1279978,
            -20.1233627
          ],
          [
            -44.1278449,
            -20.1234282
          ],
          [
            -44.1277483,
            -20.1234811
          ],
          [
            -44.1276759,
            -20.1235541
          ],
          [
            -44.1276142,
            -20.1236473
          ],
          [
            -44.127582,
            -20.1237657
          ],
          [
            -44.127574,
            -20.1239168
          ],
          [
            -44.1276138,
            -20.1242987
          ],
          [
            -44.1276437,
            -20.1244381
          ],
          [
            -44.1276678,
            -20.1247051
          ],
          [
            -44.1276625,
            -20.1248864
          ],
          [
            -44.1276222,
            -20.1251382
          ],
          [
            -44.1275391,
            -20.1255437
          ],
          [
            -44.1274372,
            -20.125919
          ],
          [
            -44.1273782,
            -20.1261406
          ],
          [
            -44.1271877,
            -20.1269968
          ],
          [
            -44.1271234,
            -20.1272638
          ],
          [
            -44.1270456,
            -20.127503
          ],
          [
            -44.1267103,
            -20.1283568
          ],
          [
            -44.1266164,
            -20.1285406
          ],
          [
            -44.1265145,
            -20.1286942
          ],
          [
            -44.1263911,
            -20.1288705
          ],
          [
            -44.1262355,
            -20.1290393
          ],
          [
            -44.1260237,
            -20.1292181
          ],
          [
            -44.125903,
            -20.1293037
          ],
          [
            -44.1257393,
            -20.1293944
          ],
          [
            -44.1255999,
            -20.1294397
          ],
          [
            -44.1254282,
            -20.1294825
          ],
          [
            -44.125286,
            -20.1295102
          ],
          [
            -44.1251519,
            -20.1295455
          ],
          [
            -44.1249557,
            -20.129611
          ],
          [
            -44.1242277,
            -20.1298268
          ],
          [
            -44.123835,
            -20.1298925
          ],
          [
            -44.1236722,
            -20.1299647
          ],
          [
            -44.1235073,
            -20.1300105
          ],
          [
            -44.1231668,
            -20.1300416
          ],
          [
            -44.1230356,
            -20.1297312
          ],
          [
            -44.1230053,
            -20.1293539
          ],
          [
            -44.1229465,
            -20.1291743
          ]
        ]
      },
      "id": "way/666140810"
    },
    {
      "type": "Feature",
      "properties": {
        "@id": "way/666140813",
        "highway": "service"
      },
      "geometry": {
        "type": "LineString",
        "coordinates": [
          [
            -44.1380791,
            -20.1288568
          ],
          [
            -44.1383334,
            -20.1290559
          ],
          [
            -44.1384286,
            -20.1291926
          ],
          [
            -44.1385829,
            -20.1295933
          ],
          [
            -44.1385925,
            -20.1301348
          ],
          [
            -44.1386354,
            -20.1302773
          ],
          [
            -44.1387519,
            -20.1307157
          ],
          [
            -44.138834,
            -20.1308131
          ],
          [
            -44.1389484,
            -20.1308682
          ],
          [
            -44.1391933,
            -20.1309155
          ],
          [
            -44.1392382,
            -20.1309437
          ],
          [
            -44.1392679,
            -20.1309793
          ],
          [
            -44.1392885,
            -20.1310651
          ],
          [
            -44.1392806,
            -20.1311892
          ],
          [
            -44.1391344,
            -20.1314537
          ]
        ]
      },
      "id": "way/666140813"
    },
    {
      "type": "Feature",
      "properties": {
        "@id": "way/666141866",
        "highway": "service"
      },
      "geometry": {
        "type": "LineString",
        "coordinates": [
          [
            -44.1222811,
            -20.134558
          ],
          [
            -44.1222218,
            -20.1343623
          ],
          [
            -44.1221685,
            -20.1341765
          ],
          [
            -44.1220985,
            -20.133955
          ],
          [
            -44.1220255,
            -20.1335678
          ],
          [
            -44.1219692,
            -20.1327667
          ],
          [
            -44.1219737,
            -20.1325447
          ],
          [
            -44.1219517,
            -20.1323136
          ],
          [
            -44.1219768,
            -20.1320603
          ],
          [
            -44.1220315,
            -20.1316716
          ],
          [
            -44.1221442,
            -20.1307581
          ],
          [
            -44.1221805,
            -20.1299171
          ]
        ]
      },
      "id": "way/666141866"
    },
    {
      "type": "Feature",
      "properties": {
        "@id": "way/666151243",
        "highway": "service"
      },
      "geometry": {
        "type": "LineString",
        "coordinates": [
          [
            -44.1255793,
            -20.1221727
          ],
          [
            -44.1251344,
            -20.1221768
          ],
          [
            -44.1249318,
            -20.1221866
          ],
          [
            -44.124584,
            -20.122236
          ],
          [
            -44.1243336,
            -20.1222864
          ],
          [
            -44.1241404,
            -20.1223637
          ],
          [
            -44.1238909,
            -20.1224351
          ],
          [
            -44.1238301,
            -20.1224384
          ],
          [
            -44.123797,
            -20.1224292
          ],
          [
            -44.1237746,
            -20.1223956
          ],
          [
            -44.1237692,
            -20.1223251
          ],
          [
            -44.1238014,
            -20.1221647
          ],
          [
            -44.1237988,
            -20.1220756
          ],
          [
            -44.1237612,
            -20.1219186
          ],
          [
            -44.1237496,
            -20.1218002
          ],
          [
            -44.1237916,
            -20.121534
          ],
          [
            -44.123797,
            -20.1214626
          ],
          [
            -44.1237827,
            -20.121429
          ],
          [
            -44.1237344,
            -20.1213854
          ],
          [
            -44.1235216,
            -20.1212958
          ],
          [
            -44.1232461,
            -20.1212551
          ],
          [
            -44.122867,
            -20.1211711
          ],
          [
            -44.1226935,
            -20.1205851
          ],
          [
            -44.1226449,
            -20.1202448
          ],
          [
            -44.1226578,
            -20.119992
          ],
          [
            -44.1226345,
            -20.1196139
          ],
          [
            -44.1225253,
            -20.1193131
          ],
          [
            -44.1224543,
            -20.1190822
          ],
          [
            -44.122418,
            -20.1189553
          ],
          [
            -44.1224093,
            -20.118887
          ],
          [
            -44.1223851,
            -20.1187943
          ],
          [
            -44.1223777,
            -20.1187
          ],
          [
            -44.1223729,
            -20.1186382
          ],
          [
            -44.1223669,
            -20.1185512
          ],
          [
            -44.1223565,
            -20.1184557
          ],
          [
            -44.1223526,
            -20.1183833
          ],
          [
            -44.1223452,
            -20.1182853
          ],
          [
            -44.1223418,
            -20.1181487
          ],
          [
            -44.1223513,
            -20.118104
          ],
          [
            -44.1223911,
            -20.1180536
          ],
          [
            -44.122456,
            -20.1180325
          ]
        ]
      },
      "id": "way/666151243"
    },
    {
      "type": "Feature",
      "properties": {
        "@id": "way/666155704",
        "highway": "service",
        "surface": "unpaved"
      },
      "geometry": {
        "type": "LineString",
        "coordinates": [
          [
            -44.0944541,
            -20.0995941
          ],
          [
            -44.0946499,
            -20.0995866
          ],
          [
            -44.0948027,
            -20.0995992
          ],
          [
            -44.0950441,
            -20.0996646
          ],
          [
            -44.0954572,
            -20.0996646
          ],
          [
            -44.095712,
            -20.0997175
          ],
          [
            -44.095881,
            -20.0998107
          ],
          [
            -44.0960607,
            -20.0999644
          ],
          [
            -44.0963209,
            -20.1002188
          ],
          [
            -44.0966588,
            -20.1006168
          ],
          [
            -44.0977049,
            -20.1020978
          ],
          [
            -44.0990111,
            -20.1038358
          ],
          [
            -44.0991908,
            -20.1040222
          ],
          [
            -44.0994215,
            -20.1041431
          ],
          [
            -44.099628,
            -20.104196
          ],
          [
            -44.0998963,
            -20.1042036
          ],
          [
            -44.1003281,
            -20.1041733
          ],
          [
            -44.1009611,
            -20.1042262
          ],
          [
            -44.1015592,
            -20.1042665
          ],
          [
            -44.102203,
            -20.1043622
          ]
        ]
      },
      "id": "way/666155704"
    },
    {
      "type": "Feature",
      "properties": {
        "@id": "way/666156688",
        "highway": "service",
        "surface": "unpaved"
      },
      "geometry": {
        "type": "LineString",
        "coordinates": [
          [
            -44.1312888,
            -20.1127646
          ],
          [
            -44.1310823,
            -20.1129334
          ],
          [
            -44.1308436,
            -20.1131399
          ],
          [
            -44.1305915,
            -20.1133565
          ],
          [
            -44.1300899,
            -20.1136714
          ],
          [
            -44.1294569,
            -20.1140038
          ],
          [
            -44.1288722,
            -20.1143237
          ],
          [
            -44.1286388,
            -20.1145277
          ],
          [
            -44.1284913,
            -20.1147418
          ]
        ]
      },
      "id": "way/666156688"
    },
    {
      "type": "Feature",
      "properties": {
        "@id": "way/666160446",
        "alt_name": "CFJ e JGD Um",
        "highway": "service",
        "name": "CFJ e JGD1",
        "surface": "unpaved"
      },
      "geometry": {
        "type": "LineString",
        "coordinates": [
          [
            -44.1293791,
            -20.1217106
          ],
          [
            -44.1290042,
            -20.1213198
          ],
          [
            -44.1284622,
            -20.1207379
          ],
          [
            -44.1281709,
            -20.1203653
          ],
          [
            -44.1281345,
            -20.1203431
          ],
          [
            -44.1280849,
            -20.1203306
          ],
          [
            -44.1279868,
            -20.1203254
          ],
          [
            -44.1275873,
            -20.1203931
          ],
          [
            -44.127418,
            -20.1204609
          ],
          [
            -44.1272302,
            -20.1206285
          ],
          [
            -44.1270083,
            -20.120863
          ],
          [
            -44.1268917,
            -20.1209897
          ],
          [
            -44.1267234,
            -20.1211096
          ],
          [
            -44.1266032,
            -20.121153
          ],
          [
            -44.126457,
            -20.1211548
          ],
          [
            -44.1261229,
            -20.1210054
          ],
          [
            -44.1256857,
            -20.1208612
          ],
          [
            -44.1256413,
            -20.1208239
          ],
          [
            -44.1256006,
            -20.1207622
          ],
          [
            -44.1255867,
            -20.1206936
          ],
          [
            -44.1255714,
            -20.1201691
          ],
          [
            -44.1255585,
            -20.1201356
          ],
          [
            -44.1255354,
            -20.1201135
          ],
          [
            -44.1254785,
            -20.1200957
          ],
          [
            -44.1254193,
            -20.1201031
          ],
          [
            -44.1251807,
            -20.1201864
          ],
          [
            -44.1250669,
            -20.1202794
          ],
          [
            -44.1249735,
            -20.1204965
          ],
          [
            -44.1249883,
            -20.1206719
          ],
          [
            -44.1250216,
            -20.1207778
          ],
          [
            -44.1251661,
            -20.1209289
          ]
        ]
      },
      "id": "way/666160446"
    },
    {
      "type": "Feature",
      "properties": {
        "@id": "way/666160450",
        "highway": "path",
        "surface": "unpaved"
      },
      "geometry": {
        "type": "LineString",
        "coordinates": [
          [
            -44.1284279,
            -20.11425
          ],
          [
            -44.1293407,
            -20.1137099
          ],
          [
            -44.1296532,
            -20.1134539
          ],
          [
            -44.1300064,
            -20.1132839
          ],
          [
            -44.1304124,
            -20.1131555
          ],
          [
            -44.1305428,
            -20.1128399
          ],
          [
            -44.1306236,
            -20.1126891
          ]
        ]
      },
      "id": "way/666160450"
    },
    {
      "type": "Feature",
      "properties": {
        "@id": "way/666164397",
        "highway": "service",
        "surface": "unpaved"
      },
      "geometry": {
        "type": "LineString",
        "coordinates": [
          [
            -44.1284913,
            -20.1147418
          ],
          [
            -44.1283943,
            -20.1150516
          ],
          [
            -44.1278087,
            -20.1169216
          ],
          [
            -44.127692,
            -20.1173032
          ],
          [
            -44.1276115,
            -20.1176104
          ],
          [
            -44.1275855,
            -20.1178075
          ],
          [
            -44.1275767,
            -20.117918
          ],
          [
            -44.1276032,
            -20.1180259
          ],
          [
            -44.1276223,
            -20.1180768
          ],
          [
            -44.1276511,
            -20.1181066
          ],
          [
            -44.1277077,
            -20.1181465
          ],
          [
            -44.1277382,
            -20.1181803
          ],
          [
            -44.1277751,
            -20.118225
          ],
          [
            -44.1280646,
            -20.1183664
          ],
          [
            -44.1283588,
            -20.1185406
          ],
          [
            -44.1289268,
            -20.118875
          ],
          [
            -44.129434,
            -20.119211
          ],
          [
            -44.1296621,
            -20.1194634
          ],
          [
            -44.1300666,
            -20.120109
          ],
          [
            -44.1303441,
            -20.1206413
          ],
          [
            -44.1304479,
            -20.1209437
          ],
          [
            -44.1305181,
            -20.1213987
          ],
          [
            -44.1306317,
            -20.1220253
          ],
          [
            -44.1306156,
            -20.1224158
          ],
          [
            -44.1305406,
            -20.1227835
          ],
          [
            -44.1303098,
            -20.1232645
          ],
          [
            -44.1301113,
            -20.1238437
          ],
          [
            -44.1300848,
            -20.123903
          ]
        ]
      },
      "id": "way/666164397"
    },
    {
      "type": "Feature",
      "properties": {
        "@id": "way/666164400",
        "highway": "service"
      },
      "geometry": {
        "type": "LineString",
        "coordinates": [
          [
            -44.1222137,
            -20.1323449
          ],
          [
            -44.1219517,
            -20.1323136
          ]
        ]
      },
      "id": "way/666164400"
    },
    {
      "type": "Feature",
      "properties": {
        "@id": "way/666164404",
        "highway": "service"
      },
      "geometry": {
        "type": "LineString",
        "coordinates": [
          [
            -44.1231668,
            -20.1300416
          ],
          [
            -44.123049,
            -20.130133
          ]
        ]
      },
      "id": "way/666164404"
    },
    {
      "type": "Feature",
      "properties": {
        "@id": "way/666164405",
        "highway": "service",
        "surface": "unpaved"
      },
      "geometry": {
        "type": "LineString",
        "coordinates": [
          [
            -44.123049,
            -20.130133
          ],
          [
            -44.1229485,
            -20.1302604
          ],
          [
            -44.1229042,
            -20.1303586
          ],
          [
            -44.1228762,
            -20.1304441
          ],
          [
            -44.1228184,
            -20.1306242
          ],
          [
            -44.1227271,
            -20.1307928
          ],
          [
            -44.122581,
            -20.1310571
          ],
          [
            -44.122511,
            -20.1312372
          ],
          [
            -44.1224607,
            -20.1313686
          ],
          [
            -44.1224029,
            -20.131543
          ],
          [
            -44.1223207,
            -20.1318831
          ],
          [
            -44.1222659,
            -20.1321016
          ],
          [
            -44.122231,
            -20.1322401
          ],
          [
            -44.1222137,
            -20.1323449
          ],
          [
            -44.1221792,
            -20.1325132
          ],
          [
            -44.1221442,
            -20.1327204
          ],
          [
            -44.1221046,
            -20.133172
          ],
          [
            -44.1221289,
            -20.1334663
          ],
          [
            -44.1221944,
            -20.1337478
          ],
          [
            -44.1222172,
            -20.1337978
          ],
          [
            -44.12225,
            -20.1338728
          ],
          [
            -44.1223435,
            -20.134075
          ],
          [
            -44.1224014,
            -20.1341694
          ],
          [
            -44.1224851,
            -20.1343623
          ],
          [
            -44.122514,
            -20.134528
          ],
          [
            -44.1225216,
            -20.1346852
          ],
          [
            -44.1225004,
            -20.1348538
          ]
        ]
      },
      "id": "way/666164405"
    },
    {
      "type": "Feature",
      "properties": {
        "@id": "way/666164417",
        "bridge": "yes",
        "highway": "track",
        "layer": "1"
      },
      "geometry": {
        "type": "LineString",
        "coordinates": [
          [
            -44.1256079,
            -20.1234547
          ],
          [
            -44.1255851,
            -20.1235705
          ]
        ]
      },
      "id": "way/666164417"
    },
    {
      "type": "Feature",
      "properties": {
        "@id": "way/666164419",
        "highway": "track"
      },
      "geometry": {
        "type": "LineString",
        "coordinates": [
          [
            -44.1257143,
            -20.1230905
          ],
          [
            -44.1256621,
            -20.1232581
          ],
          [
            -44.1256079,
            -20.1234547
          ]
        ]
      },
      "id": "way/666164419"
    },
    {
      "type": "Feature",
      "properties": {
        "@id": "way/666164421",
        "highway": "track"
      },
      "geometry": {
        "type": "LineString",
        "coordinates": [
          [
            -44.1255851,
            -20.1235705
          ],
          [
            -44.1255748,
            -20.1236603
          ],
          [
            -44.1255707,
            -20.1237574
          ],
          [
            -44.1255838,
            -20.1238538
          ],
          [
            -44.1255933,
            -20.123906
          ],
          [
            -44.1256589,
            -20.1242643
          ],
          [
            -44.1256853,
            -20.1244198
          ],
          [
            -44.1256994,
            -20.1245823
          ],
          [
            -44.1257038,
            -20.124759
          ],
          [
            -44.1256803,
            -20.1249343
          ],
          [
            -44.1256374,
            -20.125176
          ],
          [
            -44.1255996,
            -20.1252974
          ],
          [
            -44.1255489,
            -20.1254279
          ],
          [
            -44.125337,
            -20.1257653
          ],
          [
            -44.1252626,
            -20.1259599
          ],
          [
            -44.1251922,
            -20.1261557
          ],
          [
            -44.1249186,
            -20.1270925
          ],
          [
            -44.1248999,
            -20.1272269
          ],
          [
            -44.124914,
            -20.1273618
          ],
          [
            -44.1249407,
            -20.1274907
          ],
          [
            -44.1249777,
            -20.1276225
          ],
          [
            -44.1249943,
            -20.1276998
          ],
          [
            -44.125007,
            -20.1277588
          ],
          [
            -44.1250098,
            -20.1278758
          ],
          [
            -44.1249374,
            -20.1285028
          ],
          [
            -44.1249321,
            -20.1286427
          ],
          [
            -44.12494,
            -20.1287824
          ],
          [
            -44.124954,
            -20.1289636
          ]
        ]
      },
      "id": "way/666164421"
    },
    {
      "type": "Feature",
      "properties": {
        "@id": "way/666165824",
        "highway": "unclassified"
      },
      "geometry": {
        "type": "LineString",
        "coordinates": [
          [
            -44.1179465,
            -20.1327448
          ],
          [
            -44.1184196,
            -20.1324793
          ],
          [
            -44.1186476,
            -20.132198
          ],
          [
            -44.1186381,
            -20.1320918
          ],
          [
            -44.118665,
            -20.1319174
          ],
          [
            -44.1185007,
            -20.131693
          ],
          [
            -44.1178021,
            -20.1306113
          ],
          [
            -44.1175769,
            -20.1302512
          ],
          [
            -44.1172968,
            -20.1298011
          ],
          [
            -44.1170294,
            -20.1293073
          ],
          [
            -44.1168235,
            -20.1288851
          ],
          [
            -44.1167048,
            -20.1286893
          ],
          [
            -44.1165435,
            -20.1285393
          ],
          [
            -44.1162969,
            -20.1283978
          ],
          [
            -44.1160899,
            -20.1282935
          ],
          [
            -44.1157475,
            -20.127992
          ],
          [
            -44.1153975,
            -20.1276048
          ],
          [
            -44.115189,
            -20.1273975
          ],
          [
            -44.1148572,
            -20.1271861
          ],
          [
            -44.1143671,
            -20.1268345
          ],
          [
            -44.113766,
            -20.1264176
          ],
          [
            -44.1134608,
            -20.1262901
          ],
          [
            -44.1130476,
            -20.1261529
          ],
          [
            -44.1127067,
            -20.12602
          ],
          [
            -44.1125575,
            -20.1259385
          ],
          [
            -44.1123962,
            -20.1257942
          ],
          [
            -44.112139,
            -20.1253569
          ],
          [
            -44.1119472,
            -20.1249425
          ],
          [
            -44.1117372,
            -20.1243452
          ],
          [
            -44.1116216,
            -20.1241223
          ],
          [
            -44.1114922,
            -20.124008
          ],
          [
            -44.1112669,
            -20.1238779
          ],
          [
            -44.1107738,
            -20.123655
          ],
          [
            -44.1103188,
            -20.1233663
          ],
          [
            -44.1097405,
            -20.1230377
          ],
          [
            -44.109567,
            -20.1229676
          ],
          [
            -44.10936,
            -20.1229176
          ],
          [
            -44.109125,
            -20.1228861
          ],
          [
            -44.1089414,
            -20.1226347
          ],
          [
            -44.1086979,
            -20.1221974
          ],
          [
            -44.1084453,
            -20.1217201
          ],
          [
            -44.108185,
            -20.12132
          ],
          [
            -44.1080572,
            -20.1212085
          ],
          [
            -44.1078989,
            -20.121147
          ],
          [
            -44.1076311,
            -20.1211228
          ],
          [
            -44.1074165,
            -20.1211113
          ],
          [
            -44.1072197,
            -20.1210408
          ],
          [
            -44.107138,
            -20.1209892
          ],
          [
            -44.1070809,
            -20.1209038
          ],
          [
            -44.1070641,
            -20.1208548
          ],
          [
            -44.1070192,
            -20.1206269
          ],
          [
            -44.107039,
            -20.1202839
          ],
          [
            -44.1070619,
            -20.1198838
          ],
          [
            -44.1070847,
            -20.1195651
          ],
          [
            -44.1070466,
            -20.1192536
          ]
        ]
      },
      "id": "way/666165824"
    },
    {
      "type": "Feature",
      "properties": {
        "@id": "way/666173090",
        "highway": "unclassified"
      },
      "geometry": {
        "type": "LineString",
        "coordinates": [
          [
            -44.1413619,
            -20.1359634
          ],
          [
            -44.1415483,
            -20.1360037
          ],
          [
            -44.1416998,
            -20.1360742
          ],
          [
            -44.1418326,
            -20.1361875
          ],
          [
            -44.1419104,
            -20.136326
          ],
          [
            -44.1419694,
            -20.1365124
          ],
          [
            -44.1417937,
            -20.1370412
          ],
          [
            -44.1416945,
            -20.137317
          ],
          [
            -44.141665,
            -20.1374341
          ],
          [
            -44.1417132,
            -20.137594
          ],
          [
            -44.1417454,
            -20.1377174
          ],
          [
            -44.1417977,
            -20.1379163
          ],
          [
            -44.1418232,
            -20.1380737
          ],
          [
            -44.1418017,
            -20.1381518
          ],
          [
            -44.1417615,
            -20.1382046
          ],
          [
            -44.1415952,
            -20.1383394
          ],
          [
            -44.1414276,
            -20.1384615
          ],
          [
            -44.1411527,
            -20.1386176
          ],
          [
            -44.1407986,
            -20.1388203
          ],
          [
            -44.1406377,
            -20.1389097
          ],
          [
            -44.1403238,
            -20.1390608
          ],
          [
            -44.1400744,
            -20.1391779
          ],
          [
            -44.1397364,
            -20.1393832
          ],
          [
            -44.1394052,
            -20.1396035
          ],
          [
            -44.1392899,
            -20.1396854
          ],
          [
            -44.1391504,
            -20.1397924
          ],
          [
            -44.1389653,
            -20.1399334
          ],
          [
            -44.1387561,
            -20.1400669
          ],
          [
            -44.1386622,
            -20.1401298
          ],
          [
            -44.1385268,
            -20.1402154
          ],
          [
            -44.1383779,
            -20.1403225
          ]
        ]
      },
      "id": "way/666173090"
    },
    {
      "type": "Feature",
      "properties": {
        "@id": "way/666182153",
        "highway": "unclassified"
      },
      "geometry": {
        "type": "LineString",
        "coordinates": [
          [
            -44.1430463,
            -20.1323673
          ],
          [
            -44.143222,
            -20.1323144
          ],
          [
            -44.1436954,
            -20.1321973
          ],
          [
            -44.1438966,
            -20.1321394
          ],
          [
            -44.1441903,
            -20.1320399
          ],
          [
            -44.1443579,
            -20.1319505
          ],
          [
            -44.1445255,
            -20.1317855
          ],
          [
            -44.1446556,
            -20.1316521
          ],
          [
            -44.1447602,
            -20.1314896
          ],
          [
            -44.1448635,
            -20.1312793
          ],
          [
            -44.14496,
            -20.1310917
          ],
          [
            -44.1450928,
            -20.1309343
          ],
          [
            -44.1452712,
            -20.1307895
          ],
          [
            -44.1454536,
            -20.1306649
          ],
          [
            -44.1456695,
            -20.1304835
          ],
          [
            -44.1457714,
            -20.1303312
          ],
          [
            -44.1458251,
            -20.1301965
          ],
          [
            -44.1458505,
            -20.1300869
          ],
          [
            -44.1458492,
            -20.1299471
          ],
          [
            -44.1458143,
            -20.129796
          ],
          [
            -44.1457178,
            -20.1295442
          ],
          [
            -44.1456641,
            -20.1293515
          ],
          [
            -44.1456467,
            -20.1291853
          ],
          [
            -44.1456641,
            -20.129033
          ],
          [
            -44.1457406,
            -20.1286061
          ],
          [
            -44.1457647,
            -20.1284197
          ],
          [
            -44.1457821,
            -20.1282825
          ],
          [
            -44.1457795,
            -20.1281263
          ],
          [
            -44.14575,
            -20.1279488
          ],
          [
            -44.1456963,
            -20.1277133
          ],
          [
            -44.1456561,
            -20.127605
          ],
          [
            -44.145589,
            -20.1274967
          ],
          [
            -44.1454241,
            -20.1273142
          ],
          [
            -44.1452175,
            -20.1270699
          ],
          [
            -44.1451035,
            -20.1269074
          ],
          [
            -44.1450325,
            -20.126745
          ],
          [
            -44.1449641,
            -20.1264919
          ],
          [
            -44.1449346,
            -20.1263282
          ],
          [
            -44.144893,
            -20.1260675
          ],
          [
            -44.1448393,
            -20.1258799
          ],
          [
            -44.1447026,
            -20.1254971
          ],
          [
            -44.1446167,
            -20.1253158
          ],
          [
            -44.1444826,
            -20.1250967
          ],
          [
            -44.1443338,
            -20.1247983
          ],
          [
            -44.1442533,
            -20.1245577
          ],
          [
            -44.1442104,
            -20.1243487
          ],
          [
            -44.1441835,
            -20.1240893
          ],
          [
            -44.1441795,
            -20.1238123
          ],
          [
            -44.1441903,
            -20.123466
          ],
          [
            -44.1442251,
            -20.1231839
          ],
          [
            -44.1442654,
            -20.1230429
          ],
          [
            -44.144382,
            -20.1227709
          ],
          [
            -44.1444612,
            -20.1226255
          ],
          [
            -44.144541,
            -20.1225046
          ],
          [
            -44.144608,
            -20.1224303
          ],
          [
            -44.1447052,
            -20.1223667
          ],
          [
            -44.1447891,
            -20.1223289
          ],
          [
            -44.1448521,
            -20.1223125
          ],
          [
            -44.1449017,
            -20.1223106
          ],
          [
            -44.145007,
            -20.1223264
          ],
          [
            -44.1455112,
            -20.122417
          ]
        ]
      },
      "id": "way/666182153"
    },
    {
      "type": "Feature",
      "properties": {
        "@id": "way/666276555",
        "highway": "service"
      },
      "geometry": {
        "type": "LineString",
        "coordinates": [
          [
            -44.1221442,
            -20.1327204
          ],
          [
            -44.1225699,
            -20.1328731
          ],
          [
            -44.1228189,
            -20.1329271
          ],
          [
            -44.1229453,
            -20.1329458
          ],
          [
            -44.1230899,
            -20.1329223
          ],
          [
            -44.1233324,
            -20.1328377
          ],
          [
            -44.1235835,
            -20.1327564
          ],
          [
            -44.1237394,
            -20.1327336
          ],
          [
            -44.1238147,
            -20.1327418
          ],
          [
            -44.1239135,
            -20.1327987
          ],
          [
            -44.1240321,
            -20.1329158
          ],
          [
            -44.1241204,
            -20.1330117
          ],
          [
            -44.1242434,
            -20.133145
          ],
          [
            -44.1245188,
            -20.1333792
          ],
          [
            -44.1248184,
            -20.1336441
          ],
          [
            -44.1251826,
            -20.1338982
          ],
          [
            -44.1254107,
            -20.134058
          ],
          [
            -44.1257102,
            -20.1342721
          ],
          [
            -44.1259042,
            -20.1344239
          ],
          [
            -44.126259,
            -20.1346979
          ],
          [
            -44.1264165,
            -20.1348353
          ],
          [
            -44.1265381,
            -20.1349648
          ],
          [
            -44.1265415,
            -20.1349875
          ],
          [
            -44.126539,
            -20.1350139
          ],
          [
            -44.1264986,
            -20.1350454
          ],
          [
            -44.126425,
            -20.1350894
          ],
          [
            -44.1262395,
            -20.1351445
          ],
          [
            -44.1261697,
            -20.1351901
          ],
          [
            -44.126094,
            -20.1352372
          ],
          [
            -44.1260157,
            -20.1353251
          ],
          [
            -44.1259127,
            -20.1354337
          ],
          [
            -44.125848,
            -20.135496
          ],
          [
            -44.1257301,
            -20.1356196
          ],
          [
            -44.1255718,
            -20.1357808
          ],
          [
            -44.1254216,
            -20.135947
          ],
          [
            -44.1253224,
            -20.1360905
          ],
          [
            -44.1252115,
            -20.1362582
          ],
          [
            -44.1251894,
            -20.1363557
          ],
          [
            -44.1252013,
            -20.1364276
          ],
          [
            -44.125249,
            -20.1365091
          ],
          [
            -44.1254109,
            -20.1366446
          ],
          [
            -44.1255128,
            -20.1367075
          ],
          [
            -44.1256443,
            -20.1367478
          ],
          [
            -44.1257732,
            -20.1367871
          ],
          [
            -44.1259604,
            -20.1368909
          ],
          [
            -44.1261029,
            -20.1369694
          ],
          [
            -44.1261968,
            -20.1370324
          ],
          [
            -44.1263336,
            -20.1371004
          ],
          [
            -44.1265187,
            -20.1371583
          ],
          [
            -44.1266608,
            -20.1372011
          ],
          [
            -44.1268405,
            -20.1372288
          ]
        ]
      },
      "id": "way/666276555"
    },
    {
      "type": "Feature",
      "properties": {
        "@id": "way/666336586",
        "highway": "service"
      },
      "geometry": {
        "type": "LineString",
        "coordinates": [
          [
            -44.1276138,
            -20.1242987
          ],
          [
            -44.1272802,
            -20.1238938
          ],
          [
            -44.1270564,
            -20.1235551
          ],
          [
            -44.1269248,
            -20.1231995
          ],
          [
            -44.1269376,
            -20.1227907
          ],
          [
            -44.1269184,
            -20.1224241
          ],
          [
            -44.1268917,
            -20.1221813
          ],
          [
            -44.1268159,
            -20.1220328
          ],
          [
            -44.1267419,
            -20.1219711
          ],
          [
            -44.1266522,
            -20.1219615
          ],
          [
            -44.1265477,
            -20.1219919
          ],
          [
            -44.1264223,
            -20.1220358
          ],
          [
            -44.1262387,
            -20.1221239
          ],
          [
            -44.1259465,
            -20.1221743
          ],
          [
            -44.1255793,
            -20.1221727
          ]
        ]
      },
      "id": "way/666336586"
    },
    {
      "type": "Feature",
      "properties": {
        "@id": "way/666339290",
        "highway": "track"
      },
      "geometry": {
        "type": "LineString",
        "coordinates": [
          [
            -44.1283943,
            -20.1150516
          ],
          [
            -44.1284992,
            -20.116035
          ],
          [
            -44.1287022,
            -20.1171735
          ],
          [
            -44.128903,
            -20.1174249
          ],
          [
            -44.1294166,
            -20.1177086
          ],
          [
            -44.1296419,
            -20.1178447
          ],
          [
            -44.1300228,
            -20.1181444
          ],
          [
            -44.1303018,
            -20.1183836
          ],
          [
            -44.1305029,
            -20.1186179
          ],
          [
            -44.1306719,
            -20.1188017
          ],
          [
            -44.1308248,
            -20.1189982
          ],
          [
            -44.1310957,
            -20.1194087
          ],
          [
            -44.1313938,
            -20.1200005
          ],
          [
            -44.1314913,
            -20.1200497
          ],
          [
            -44.1316331,
            -20.1200603
          ],
          [
            -44.1317273,
            -20.12002
          ],
          [
            -44.1318759,
            -20.1199116
          ],
          [
            -44.1319835,
            -20.1198293
          ],
          [
            -44.1320571,
            -20.1197716
          ],
          [
            -44.132154,
            -20.1193293
          ],
          [
            -44.1322464,
            -20.1190082
          ],
          [
            -44.1322904,
            -20.1187578
          ],
          [
            -44.1323793,
            -20.118323
          ],
          [
            -44.1323966,
            -20.1178396
          ],
          [
            -44.1323287,
            -20.1175262
          ],
          [
            -44.1322758,
            -20.1172852
          ]
        ]
      },
      "id": "way/666339290"
    },
    {
      "type": "Feature",
      "properties": {
        "@id": "way/666353218",
        "highway": "track",
        "surface": "unpaved"
      },
      "geometry": {
        "type": "LineString",
        "coordinates": [
          [
            -44.1043071,
            -20.1346262
          ],
          [
            -44.1042435,
            -20.1346996
          ],
          [
            -44.1041425,
            -20.1347269
          ],
          [
            -44.1036568,
            -20.134455
          ],
          [
            -44.1033019,
            -20.1341832
          ],
          [
            -44.1030497,
            -20.1340517
          ],
          [
            -44.1027135,
            -20.1340253
          ],
          [
            -44.102564,
            -20.1339026
          ],
          [
            -44.1022371,
            -20.1338938
          ],
          [
            -44.1016394,
            -20.1339464
          ],
          [
            -44.1014339,
            -20.1340692
          ],
          [
            -44.101135,
            -20.13442
          ],
          [
            -44.1008548,
            -20.1347181
          ],
          [
            -44.1007156,
            -20.1348847
          ],
          [
            -44.1005755,
            -20.1348935
          ],
          [
            -44.0996696,
            -20.1349023
          ],
          [
            -44.0993707,
            -20.1349286
          ],
          [
            -44.098885,
            -20.135218
          ],
          [
            -44.0984647,
            -20.1354021
          ],
          [
            -44.0979732,
            -20.135441
          ],
          [
            -44.0978331,
            -20.1354892
          ],
          [
            -44.0969645,
            -20.136182
          ],
          [
            -44.0966049,
            -20.1364056
          ],
          [
            -44.09632,
            -20.1364451
          ],
          [
            -44.0961145,
            -20.1364845
          ],
          [
            -44.0958857,
            -20.1365415
          ],
          [
            -44.0957363,
            -20.1366161
          ],
          [
            -44.0956382,
            -20.1366994
          ],
          [
            -44.0955074,
            -20.1368791
          ],
          [
            -44.0953445,
            -20.1373245
          ]
        ]
      },
      "id": "way/666353218"
    },
    {
      "type": "Feature",
      "properties": {
        "@id": "way/666353219",
        "highway": "unclassified",
        "surface": "unpaved"
      },
      "geometry": {
        "type": "LineString",
        "coordinates": [
          [
            -44.1048439,
            -20.1350412
          ],
          [
            -44.1048208,
            -20.1350796
          ],
          [
            -44.1045826,
            -20.1350667
          ],
          [
            -44.1042889,
            -20.1350596
          ],
          [
            -44.1041315,
            -20.1350807
          ],
          [
            -44.1039115,
            -20.1351664
          ],
          [
            -44.1037291,
            -20.135252
          ],
          [
            -44.1032946,
            -20.1355592
          ],
          [
            -44.1029996,
            -20.1357859
          ],
          [
            -44.102447,
            -20.136151
          ],
          [
            -44.1022708,
            -20.1362384
          ],
          [
            -44.1021818,
            -20.1362713
          ],
          [
            -44.1021133,
            -20.1362941
          ],
          [
            -44.102041,
            -20.1363084
          ],
          [
            -44.101936,
            -20.1363142
          ],
          [
            -44.1018264,
            -20.1363277
          ],
          [
            -44.1017526,
            -20.1363327
          ],
          [
            -44.1016967,
            -20.1363449
          ],
          [
            -44.1016598,
            -20.1363569
          ],
          [
            -44.1016363,
            -20.1363732
          ],
          [
            -44.1016129,
            -20.1363928
          ],
          [
            -44.1015244,
            -20.1365136
          ],
          [
            -44.1014466,
            -20.136632
          ],
          [
            -44.1013795,
            -20.1367453
          ],
          [
            -44.1012774,
            -20.136978
          ],
          [
            -44.1012655,
            -20.1370185
          ],
          [
            -44.1012588,
            -20.1370551
          ],
          [
            -44.1012628,
            -20.1371042
          ],
          [
            -44.1013172,
            -20.1372572
          ],
          [
            -44.1013299,
            -20.1373157
          ],
          [
            -44.1013379,
            -20.137351
          ],
          [
            -44.1013433,
            -20.1374001
          ],
          [
            -44.1013446,
            -20.1374983
          ],
          [
            -44.1013423,
            -20.1375516
          ],
          [
            -44.1012813,
            -20.137955
          ],
          [
            -44.1012132,
            -20.138187
          ],
          [
            -44.1011958,
            -20.1382525
          ],
          [
            -44.101181,
            -20.1382966
          ],
          [
            -44.1011645,
            -20.1383458
          ],
          [
            -44.1011488,
            -20.1383809
          ],
          [
            -44.1011321,
            -20.138413
          ],
          [
            -44.1010678,
            -20.1385226
          ],
          [
            -44.1009651,
            -20.1387177
          ],
          [
            -44.1009555,
            -20.1387401
          ],
          [
            -44.1009414,
            -20.1387704
          ],
          [
            -44.1009222,
            -20.1388392
          ],
          [
            -44.1008423,
            -20.1390879
          ],
          [
            -44.1008055,
            -20.139183
          ],
          [
            -44.1007774,
            -20.1392421
          ],
          [
            -44.1007542,
            -20.1392869
          ],
          [
            -44.100713,
            -20.1393529
          ],
          [
            -44.1006486,
            -20.1394474
          ],
          [
            -44.100493,
            -20.1396388
          ],
          [
            -44.100454,
            -20.1396728
          ],
          [
            -44.1004032,
            -20.1396942
          ],
          [
            -44.1003455,
            -20.1397017
          ],
          [
            -44.1002892,
            -20.1397017
          ],
          [
            -44.1002423,
            -20.1396942
          ],
          [
            -44.1002057,
            -20.1396877
          ],
          [
            -44.1001444,
            -20.1396652
          ],
          [
            -44.1000795,
            -20.1396341
          ],
          [
            -44.0998828,
            -20.1395406
          ],
          [
            -44.0998322,
            -20.1395212
          ],
          [
            -44.0997809,
            -20.1395053
          ],
          [
            -44.0997259,
            -20.1394927
          ],
          [
            -44.0996629,
            -20.1394864
          ],
          [
            -44.099608,
            -20.1394898
          ],
          [
            -44.0995502,
            -20.1394952
          ],
          [
            -44.0994805,
            -20.139504
          ],
          [
            -44.0994322,
            -20.1395091
          ],
          [
            -44.099392,
            -20.1395154
          ],
          [
            -44.0993451,
            -20.1395299
          ],
          [
            -44.0992834,
            -20.1395569
          ],
          [
            -44.0992324,
            -20.1395934
          ],
          [
            -44.0991935,
            -20.1396262
          ],
          [
            -44.0991451,
            -20.139669
          ],
          [
            -44.0988582,
            -20.139946
          ],
          [
            -44.0984532,
            -20.1403703
          ],
          [
            -44.0980992,
            -20.1407619
          ],
          [
            -44.0977827,
            -20.1410767
          ],
          [
            -44.0975842,
            -20.1412932
          ],
          [
            -44.0973893,
            -20.1414798
          ],
          [
            -44.0972248,
            -20.1416155
          ],
          [
            -44.0968837,
            -20.1418782
          ],
          [
            -44.0967554,
            -20.141953
          ],
          [
            -44.0966181,
            -20.1420221
          ],
          [
            -44.0963209,
            -20.142157
          ],
          [
            -44.0962576,
            -20.1421975
          ],
          [
            -44.0961438,
            -20.142298
          ],
          [
            -44.0960996,
            -20.1423446
          ],
          [
            -44.0960642,
            -20.1423893
          ],
          [
            -44.0960496,
            -20.1424242
          ],
          [
            -44.0960473,
            -20.1424843
          ],
          [
            -44.096054,
            -20.1425913
          ],
          [
            -44.096074,
            -20.1426499
          ],
          [
            -44.0960929,
            -20.1426782
          ],
          [
            -44.0961224,
            -20.1427122
          ],
          [
            -44.0961612,
            -20.1427437
          ],
          [
            -44.0962069,
            -20.1427802
          ],
          [
            -44.096272,
            -20.1428292
          ],
          [
            -44.0963195,
            -20.1428545
          ],
          [
            -44.0965301,
            -20.1429716
          ],
          [
            -44.0965676,
            -20.1429993
          ],
          [
            -44.0965961,
            -20.1430329
          ],
          [
            -44.0966266,
            -20.1430761
          ],
          [
            -44.0966829,
            -20.1431848
          ],
          [
            -44.0967473,
            -20.1433052
          ],
          [
            -44.0967795,
            -20.1433631
          ],
          [
            -44.0968273,
            -20.1434251
          ],
          [
            -44.0971296,
            -20.1436741
          ],
          [
            -44.0971582,
            -20.1436994
          ],
          [
            -44.0971832,
            -20.1437358
          ],
          [
            -44.0971993,
            -20.1437837
          ],
          [
            -44.0972049,
            -20.1438548
          ],
          [
            -44.097198,
            -20.1439134
          ],
          [
            -44.0970571,
            -20.1443742
          ],
          [
            -44.097009,
            -20.1445741
          ],
          [
            -44.0969515,
            -20.1449071
          ],
          [
            -44.0969539,
            -20.1449439
          ],
          [
            -44.0969659,
            -20.1449773
          ],
          [
            -44.0969773,
            -20.1449949
          ],
          [
            -44.0970048,
            -20.1450264
          ],
          [
            -44.0970648,
            -20.1450825
          ],
          [
            -44.0978428,
            -20.1458127
          ]
        ]
      },
      "id": "way/666353219"
    },
    {
      "type": "Feature",
      "properties": {
        "@id": "way/666353220",
        "highway": "unclassified",
        "surface": "unpaved"
      },
      "geometry": {
        "type": "LineString",
        "coordinates": [
          [
            -44.1012813,
            -20.137955
          ],
          [
            -44.1013205,
            -20.1381958
          ],
          [
            -44.1013487,
            -20.1384084
          ],
          [
            -44.101445,
            -20.1390637
          ],
          [
            -44.1014546,
            -20.1391125
          ],
          [
            -44.1014633,
            -20.1391424
          ],
          [
            -44.1014841,
            -20.1391742
          ],
          [
            -44.1016813,
            -20.139426
          ],
          [
            -44.1017218,
            -20.1394813
          ],
          [
            -44.101751,
            -20.1395191
          ],
          [
            -44.1018583,
            -20.1397131
          ],
          [
            -44.1019186,
            -20.1398478
          ],
          [
            -44.1019294,
            -20.1398881
          ],
          [
            -44.1019374,
            -20.1399309
          ],
          [
            -44.1019357,
            -20.1399745
          ],
          [
            -44.1019079,
            -20.140184
          ],
          [
            -44.1019119,
            -20.1402289
          ],
          [
            -44.1019267,
            -20.140257
          ],
          [
            -44.1019481,
            -20.1402771
          ],
          [
            -44.1019937,
            -20.1403011
          ],
          [
            -44.1020488,
            -20.1403227
          ],
          [
            -44.1021507,
            -20.1403514
          ],
          [
            -44.1025255,
            -20.1404568
          ],
          [
            -44.1027085,
            -20.140505
          ],
          [
            -44.1028183,
            -20.1405269
          ],
          [
            -44.1029178,
            -20.1405453
          ],
          [
            -44.1030318,
            -20.1405604
          ],
          [
            -44.1033724,
            -20.1405995
          ],
          [
            -44.1034195,
            -20.1406084
          ],
          [
            -44.1034596,
            -20.1406209
          ],
          [
            -44.1034998,
            -20.1406435
          ],
          [
            -44.1035481,
            -20.1406737
          ],
          [
            -44.1036151,
            -20.1407191
          ],
          [
            -44.1036662,
            -20.1407574
          ],
          [
            -44.1037157,
            -20.1407971
          ],
          [
            -44.103827,
            -20.1408928
          ],
          [
            -44.1039115,
            -20.1409715
          ],
          [
            -44.1039866,
            -20.141025
          ],
          [
            -44.1040684,
            -20.1410779
          ],
          [
            -44.1041073,
            -20.1411018
          ],
          [
            -44.1041506,
            -20.1411183
          ],
          [
            -44.1041791,
            -20.1411232
          ],
          [
            -44.1042079,
            -20.141122
          ],
          [
            -44.1043306,
            -20.1411012
          ],
          [
            -44.1043628,
            -20.1410999
          ],
          [
            -44.104388,
            -20.1411077
          ],
          [
            -44.1044162,
            -20.1411266
          ],
          [
            -44.1044533,
            -20.1411585
          ],
          [
            -44.1045173,
            -20.1412516
          ],
          [
            -44.1045405,
            -20.1412945
          ],
          [
            -44.1046091,
            -20.1414218
          ],
          [
            -44.1046317,
            -20.1414406
          ],
          [
            -44.1046545,
            -20.1414582
          ],
          [
            -44.1047238,
            -20.1415103
          ],
          [
            -44.1048319,
            -20.1415859
          ],
          [
            -44.1049431,
            -20.1416591
          ],
          [
            -44.1050293,
            -20.1417079
          ],
          [
            -44.1050996,
            -20.1417473
          ],
          [
            -44.1052942,
            -20.141851
          ],
          [
            -44.1053991,
            -20.1418907
          ],
          [
            -44.1054873,
            -20.1419127
          ],
          [
            -44.1055645,
            -20.1419255
          ],
          [
            -44.1056342,
            -20.1419309
          ],
          [
            -44.105718,
            -20.1419328
          ],
          [
            -44.1057719,
            -20.1419212
          ],
          [
            -44.1058293,
            -20.1418951
          ],
          [
            -44.1058695,
            -20.1418724
          ],
          [
            -44.1060698,
            -20.1417328
          ],
          [
            -44.1061416,
            -20.1416882
          ]
        ]
      },
      "id": "way/666353220"
    },
    {
      "type": "Feature",
      "properties": {
        "@id": "way/666353221",
        "highway": "unclassified",
        "surface": "unpaved"
      },
      "geometry": {
        "type": "LineString",
        "coordinates": [
          [
            -44.1085378,
            -20.1390521
          ],
          [
            -44.1085766,
            -20.1389051
          ],
          [
            -44.1085884,
            -20.1388669
          ],
          [
            -44.1086047,
            -20.1388126
          ],
          [
            -44.1086915,
            -20.1386475
          ]
        ]
      },
      "id": "way/666353221"
    },
    {
      "type": "Feature",
      "properties": {
        "@id": "way/666363970",
        "highway": "track"
      },
      "geometry": {
        "type": "LineString",
        "coordinates": [
          [
            -44.116697,
            -20.1210773
          ],
          [
            -44.1172689,
            -20.1217585
          ],
          [
            -44.1175278,
            -20.122038
          ],
          [
            -44.11769,
            -20.122033
          ],
          [
            -44.1177034,
            -20.1219272
          ],
          [
            -44.1175479,
            -20.1217068
          ],
          [
            -44.117454,
            -20.1214525
          ],
          [
            -44.1173038,
            -20.1211641
          ],
          [
            -44.1171187,
            -20.1208858
          ],
          [
            -44.1169283,
            -20.1207032
          ],
          [
            -44.116703,
            -20.1205546
          ],
          [
            -44.1164857,
            -20.1204589
          ],
          [
            -44.1163194,
            -20.1204262
          ],
          [
            -44.1161424,
            -20.1204488
          ],
          [
            -44.11596,
            -20.1204891
          ]
        ]
      },
      "id": "way/666363970"
    },
    {
      "type": "Feature",
      "properties": {
        "@id": "way/666364577",
        "highway": "track"
      },
      "geometry": {
        "type": "LineString",
        "coordinates": [
          [
            -44.1259866,
            -20.1387042
          ],
          [
            -44.1260156,
            -20.1387372
          ],
          [
            -44.1263965,
            -20.1392787
          ]
        ]
      },
      "id": "way/666364577"
    },
    {
      "type": "Feature",
      "properties": {
        "@id": "way/666365761",
        "highway": "track"
      },
      "geometry": {
        "type": "LineString",
        "coordinates": [
          [
            -44.1255793,
            -20.1221727
          ],
          [
            -44.1250835,
            -20.1224894
          ],
          [
            -44.12459,
            -20.1227312
          ],
          [
            -44.1244291,
            -20.1236378
          ],
          [
            -44.1249977,
            -20.1237889
          ],
          [
            -44.1255933,
            -20.123906
          ],
          [
            -44.1257045,
            -20.1239546
          ],
          [
            -44.1258346,
            -20.1240183
          ],
          [
            -44.1259767,
            -20.1240531
          ],
          [
            -44.1260769,
            -20.124049
          ],
          [
            -44.1261808,
            -20.1240416
          ],
          [
            -44.1262611,
            -20.1240586
          ],
          [
            -44.1263325,
            -20.1240971
          ],
          [
            -44.1263972,
            -20.1241588
          ],
          [
            -44.1264405,
            -20.1242352
          ],
          [
            -44.1264945,
            -20.1243693
          ],
          [
            -44.126541,
            -20.1245249
          ],
          [
            -44.1265579,
            -20.1246741
          ],
          [
            -44.126557,
            -20.1248228
          ],
          [
            -44.126536,
            -20.1249796
          ],
          [
            -44.1261135,
            -20.1278846
          ],
          [
            -44.1260921,
            -20.1280023
          ],
          [
            -44.1260584,
            -20.1281179
          ],
          [
            -44.1260123,
            -20.1282385
          ],
          [
            -44.1259485,
            -20.1283633
          ],
          [
            -44.1258587,
            -20.1284857
          ],
          [
            -44.1257443,
            -20.128604
          ],
          [
            -44.1256135,
            -20.1287155
          ],
          [
            -44.125469,
            -20.1287994
          ],
          [
            -44.1253198,
            -20.1288724
          ],
          [
            -44.1251618,
            -20.1289287
          ],
          [
            -44.1250002,
            -20.1289607
          ],
          [
            -44.124954,
            -20.1289636
          ],
          [
            -44.1248319,
            -20.1289713
          ],
          [
            -44.1246754,
            -20.1289602
          ],
          [
            -44.1245179,
            -20.12893
          ],
          [
            -44.1243583,
            -20.1288774
          ],
          [
            -44.1242103,
            -20.1287999
          ],
          [
            -44.1240609,
            -20.1287016
          ],
          [
            -44.1239382,
            -20.1285936
          ],
          [
            -44.1238433,
            -20.1284694
          ],
          [
            -44.1237584,
            -20.1283286
          ],
          [
            -44.123695,
            -20.1281764
          ],
          [
            -44.1236782,
            -20.1280199
          ],
          [
            -44.1236973,
            -20.1279344
          ],
          [
            -44.123806,
            -20.1278386
          ],
          [
            -44.1240194,
            -20.1277534
          ],
          [
            -44.1244197,
            -20.1277247
          ],
          [
            -44.1245467,
            -20.1277373
          ],
          [
            -44.1246745,
            -20.1277373
          ],
          [
            -44.1249943,
            -20.1276998
          ]
        ]
      },
      "id": "way/666365761"
    },
    {
      "type": "Feature",
      "properties": {
        "@id": "way/666365942",
        "highway": "track"
      },
      "geometry": {
        "type": "LineString",
        "coordinates": [
          [
            -44.1341829,
            -20.1114373
          ],
          [
            -44.1342849,
            -20.1115758
          ],
          [
            -44.1344405,
            -20.1117421
          ],
          [
            -44.1345665,
            -20.1118655
          ],
          [
            -44.1346711,
            -20.1120141
          ],
          [
            -44.1347757,
            -20.1122055
          ],
          [
            -44.1348508,
            -20.1124045
          ],
          [
            -44.1349447,
            -20.1126765
          ],
          [
            -44.1349742,
            -20.112941
          ],
          [
            -44.1349313,
            -20.1132155
          ],
          [
            -44.1348535,
            -20.1134069
          ],
          [
            -44.1346014,
            -20.1136537
          ],
          [
            -44.1343036,
            -20.1139509
          ],
          [
            -44.1340676,
            -20.1142884
          ],
          [
            -44.1338289,
            -20.1147972
          ],
          [
            -44.1335633,
            -20.1156082
          ],
          [
            -44.133389,
            -20.1161749
          ],
          [
            -44.1333246,
            -20.1165879
          ],
          [
            -44.1333126,
            -20.1168826
          ],
          [
            -44.1333233,
            -20.1172528
          ],
          [
            -44.1333179,
            -20.1173863
          ],
          [
            -44.1332844,
            -20.1175072
          ],
          [
            -44.1331731,
            -20.1177099
          ],
          [
            -44.132819,
            -20.1182451
          ],
          [
            -44.1326943,
            -20.1184579
          ],
          [
            -44.1325414,
            -20.1187073
          ],
          [
            -44.1324127,
            -20.1188672
          ],
          [
            -44.1322464,
            -20.1190082
          ]
        ]
      },
      "id": "way/666365942"
    },
    {
      "type": "Feature",
      "properties": {
        "@id": "way/666365943",
        "highway": "track"
      },
      "geometry": {
        "type": "LineString",
        "coordinates": [
          [
            -44.132154,
            -20.1193293
          ],
          [
            -44.1323724,
            -20.1192186
          ],
          [
            -44.1325884,
            -20.1190271
          ],
          [
            -44.1328928,
            -20.1185852
          ],
          [
            -44.1334883,
            -20.1177364
          ],
          [
            -44.1336009,
            -20.1175047
          ],
          [
            -44.1336089,
            -20.1173158
          ],
          [
            -44.1335499,
            -20.116943
          ],
          [
            -44.1335982,
            -20.1164947
          ],
          [
            -44.1337913,
            -20.1157315
          ],
          [
            -44.1340489,
            -20.1149962
          ],
          [
            -44.1343787,
            -20.1143111
          ],
          [
            -44.1346255,
            -20.1139786
          ],
          [
            -44.134883,
            -20.1137243
          ],
          [
            -44.1351352,
            -20.11349
          ],
          [
            -44.1352048,
            -20.1133238
          ],
          [
            -44.1352638,
            -20.1128628
          ],
          [
            -44.1352075,
            -20.1125329
          ],
          [
            -44.1351137,
            -20.1123113
          ],
          [
            -44.1350359,
            -20.1121879
          ]
        ]
      },
      "id": "way/666365943"
    },
    {
      "type": "Feature",
      "properties": {
        "@id": "way/666365944",
        "highway": "track"
      },
      "geometry": {
        "type": "LineString",
        "coordinates": [
          [
            -44.1320571,
            -20.1197716
          ],
          [
            -44.1325549,
            -20.1193482
          ],
          [
            -44.1328472,
            -20.1190561
          ],
          [
            -44.1332227,
            -20.1185574
          ],
          [
            -44.1338906,
            -20.1176382
          ],
          [
            -44.1339416,
            -20.1174619
          ],
          [
            -44.1338557,
            -20.1169909
          ],
          [
            -44.1338584,
            -20.1164922
          ],
          [
            -44.1340891,
            -20.1156258
          ],
          [
            -44.1343197,
            -20.1149609
          ],
          [
            -44.1345584,
            -20.1145252
          ],
          [
            -44.1348615,
            -20.1141398
          ],
          [
            -44.1351539,
            -20.1138552
          ],
          [
            -44.1353899,
            -20.1136386
          ],
          [
            -44.1354543,
            -20.1135102
          ],
          [
            -44.135516,
            -20.1132079
          ],
          [
            -44.1355455,
            -20.1127521
          ]
        ]
      },
      "id": "way/666365944"
    },
    {
      "type": "Feature",
      "properties": {
        "@id": "way/666365945",
        "highway": "track",
        "source": "Bing"
      },
      "geometry": {
        "type": "LineString",
        "coordinates": [
          [
            -44.1280646,
            -20.1183664
          ],
          [
            -44.1288165,
            -20.1184655
          ],
          [
            -44.1293885,
            -20.1186922
          ],
          [
            -44.1298275,
            -20.1189259
          ],
          [
            -44.1302025,
            -20.1192551
          ],
          [
            -44.1305218,
            -20.1195717
          ],
          [
            -44.1306231,
            -20.1196572
          ],
          [
            -44.1308033,
            -20.1198242
          ],
          [
            -44.1309643,
            -20.120032
          ],
          [
            -44.1312009,
            -20.1204341
          ],
          [
            -44.1312915,
            -20.1205345
          ],
          [
            -44.131486,
            -20.1205748
          ],
          [
            -44.1317009,
            -20.1205635
          ],
          [
            -44.1318655,
            -20.1204954
          ],
          [
            -44.132001,
            -20.1203405
          ],
          [
            -44.1322477,
            -20.1199804
          ],
          [
            -44.1324369,
            -20.1197549
          ]
        ]
      },
      "id": "way/666365945"
    },
    {
      "type": "Feature",
      "properties": {
        "@id": "way/666365946",
        "highway": "track"
      },
      "geometry": {
        "type": "LineString",
        "coordinates": [
          [
            -44.1324369,
            -20.1197549
          ],
          [
            -44.1326594,
            -20.1195434
          ],
          [
            -44.1329625,
            -20.1192979
          ],
          [
            -44.1331637,
            -20.11907
          ],
          [
            -44.1334695,
            -20.1186204
          ],
          [
            -44.1342044,
            -20.1176583
          ],
          [
            -44.1342205,
            -20.1175324
          ],
          [
            -44.1341025,
            -20.1169934
          ],
          [
            -44.1341239,
            -20.1165199
          ],
          [
            -44.1343546,
            -20.1156535
          ],
          [
            -44.1347408,
            -20.1148123
          ],
          [
            -44.1351271,
            -20.1142733
          ],
          [
            -44.1353631,
            -20.1140819
          ],
          [
            -44.1356742,
            -20.1137696
          ],
          [
            -44.1357333,
            -20.113558
          ],
          [
            -44.1357815,
            -20.1132356
          ]
        ]
      },
      "id": "way/666365946"
    },
    {
      "type": "Feature",
      "properties": {
        "@id": "way/666382442",
        "highway": "track",
        "surface": "unpaved"
      },
      "geometry": {
        "type": "LineString",
        "coordinates": [
          [
            -44.1389694,
            -20.1189203
          ],
          [
            -44.1388164,
            -20.1188508
          ],
          [
            -44.1386932,
            -20.1187415
          ],
          [
            -44.1386662,
            -20.1186985
          ],
          [
            -44.1386368,
            -20.1186204
          ],
          [
            -44.1385952,
            -20.1183924
          ],
          [
            -44.1385787,
            -20.1183767
          ],
          [
            -44.1385529,
            -20.1183682
          ],
          [
            -44.138516,
            -20.1183819
          ],
          [
            -44.1384996,
            -20.1183912
          ],
          [
            -44.1384869,
            -20.1184129
          ],
          [
            -44.1384825,
            -20.1184894
          ],
          [
            -44.1384812,
            -20.1186407
          ],
          [
            -44.1385805,
            -20.1188183
          ],
          [
            -44.1387897,
            -20.1190613
          ],
          [
            -44.1388433,
            -20.1191379
          ],
          [
            -44.1388473,
            -20.1192022
          ],
          [
            -44.1387803,
            -20.1193232
          ],
          [
            -44.1386368,
            -20.1194643
          ],
          [
            -44.1383551,
            -20.1198496
          ],
          [
            -44.1382049,
            -20.1200194
          ],
          [
            -44.1380668,
            -20.1201002
          ],
          [
            -44.137942,
            -20.1201114
          ],
          [
            -44.1378107,
            -20.120099
          ],
          [
            -44.1375961,
            -20.1200284
          ],
          [
            -44.1373285,
            -20.1198534
          ],
          [
            -44.1372681,
            -20.1198425
          ],
          [
            -44.1371897,
            -20.1198431
          ],
          [
            -44.1369953,
            -20.1199076
          ],
          [
            -44.1367806,
            -20.1200298
          ],
          [
            -44.1366452,
            -20.1202212
          ],
          [
            -44.136609,
            -20.1204016
          ],
          [
            -44.1365741,
            -20.1204482
          ],
          [
            -44.1365238,
            -20.120457
          ],
          [
            -44.1364681,
            -20.12044
          ],
          [
            -44.136381,
            -20.1202841
          ],
          [
            -44.1363382,
            -20.1199605
          ],
          [
            -44.1363408,
            -20.1197651
          ],
          [
            -44.1363904,
            -20.1195701
          ],
          [
            -44.1365822,
            -20.1192439
          ],
          [
            -44.1367082,
            -20.1190183
          ],
          [
            -44.1368143,
            -20.1189341
          ],
          [
            -44.1370596,
            -20.1188598
          ],
          [
            -44.1371716,
            -20.118779
          ],
          [
            -44.137236,
            -20.1186733
          ],
          [
            -44.137242,
            -20.118608
          ],
          [
            -44.1372091,
            -20.1185272
          ],
          [
            -44.1371756,
            -20.1184932
          ],
          [
            -44.1371347,
            -20.118467
          ],
          [
            -44.136955,
            -20.1184617
          ],
          [
            -44.1367727,
            -20.1185161
          ],
          [
            -44.1360189,
            -20.1188598
          ],
          [
            -44.1356756,
            -20.1191319
          ],
          [
            -44.1352787,
            -20.1195247
          ],
          [
            -44.1349246,
            -20.1198572
          ],
          [
            -44.1344955,
            -20.1201896
          ],
          [
            -44.1340234,
            -20.1204415
          ],
          [
            -44.1334976,
            -20.1206997
          ],
          [
            -44.1331933,
            -20.1209855
          ],
          [
            -44.1331048,
            -20.1212537
          ],
          [
            -44.1330792,
            -20.121493
          ],
          [
            -44.1330793,
            -20.1216302
          ]
        ]
      },
      "id": "way/666382442"
    },
    {
      "type": "Feature",
      "properties": {
        "@id": "way/666382443",
        "highway": "track",
        "surface": "unpaved"
      },
      "geometry": {
        "type": "LineString",
        "coordinates": [
          [
            -44.1330793,
            -20.1216302
          ],
          [
            -44.1330329,
            -20.1217194
          ],
          [
            -44.1329759,
            -20.1217666
          ],
          [
            -44.1328949,
            -20.1218059
          ],
          [
            -44.1324906,
            -20.1218602
          ],
          [
            -44.1319849,
            -20.1219324
          ],
          [
            -44.1316738,
            -20.1220735
          ],
          [
            -44.1313478,
            -20.1224337
          ],
          [
            -44.1311051,
            -20.1228089
          ],
          [
            -44.1309657,
            -20.1231413
          ],
          [
            -44.1308906,
            -20.1234738
          ],
          [
            -44.1308262,
            -20.1237558
          ],
          [
            -44.1307833,
            -20.1240278
          ],
          [
            -44.130723,
            -20.1244308
          ],
          [
            -44.1306047,
            -20.1248117
          ],
          [
            -44.1304002,
            -20.125276
          ],
          [
            -44.130222,
            -20.1255714
          ],
          [
            -44.1300033,
            -20.1259937
          ],
          [
            -44.1299524,
            -20.1260323
          ],
          [
            -44.1298926,
            -20.1260666
          ],
          [
            -44.1297597,
            -20.1260607
          ],
          [
            -44.1296849,
            -20.1260203
          ],
          [
            -44.1296273,
            -20.1259631
          ],
          [
            -44.129563,
            -20.1251158
          ],
          [
            -44.1295223,
            -20.123987
          ],
          [
            -44.1295387,
            -20.1239042
          ],
          [
            -44.1295736,
            -20.1238186
          ],
          [
            -44.1297705,
            -20.1234381
          ],
          [
            -44.1299953,
            -20.1229943
          ],
          [
            -44.1301855,
            -20.1224261
          ],
          [
            -44.1302143,
            -20.1218145
          ],
          [
            -44.130076,
            -20.1209973
          ],
          [
            -44.1296898,
            -20.12031
          ],
          [
            -44.129125,
            -20.1194765
          ],
          [
            -44.1288577,
            -20.1194196
          ]
        ]
      },
      "id": "way/666382443"
    },
    {
      "type": "Feature",
      "properties": {
        "@id": "way/666389277",
        "highway": "service",
        "service": "driveway",
        "surface": "unpaved"
      },
      "geometry": {
        "type": "LineString",
        "coordinates": [
          [
            -44.1394052,
            -20.1396035
          ],
          [
            -44.1395125,
            -20.1394021
          ],
          [
            -44.1396225,
            -20.1390999
          ],
          [
            -44.1397123,
            -20.1388178
          ],
          [
            -44.1397653,
            -20.138668
          ],
          [
            -44.1398055,
            -20.1385522
          ],
          [
            -44.1398511,
            -20.1383821
          ],
          [
            -44.1399195,
            -20.138386
          ],
          [
            -44.140002,
            -20.1383847
          ],
          [
            -44.1401736,
            -20.1384162
          ],
          [
            -44.1402246,
            -20.1384829
          ],
          [
            -44.1402541,
            -20.1385786
          ],
          [
            -44.140293,
            -20.1387851
          ],
          [
            -44.1403238,
            -20.1390608
          ]
        ]
      },
      "id": "way/666389277"
    },
    {
      "type": "Feature",
      "properties": {
        "@id": "way/666413394",
        "highway": "path"
      },
      "geometry": {
        "type": "LineString",
        "coordinates": [
          [
            -44.1306746,
            -20.1375537
          ],
          [
            -44.1307926,
            -20.1378005
          ],
          [
            -44.1308677,
            -20.1379868
          ],
          [
            -44.130975,
            -20.1383091
          ]
        ]
      },
      "id": "way/666413394"
    },
    {
      "type": "Feature",
      "properties": {
        "@id": "way/666413395",
        "highway": "path"
      },
      "geometry": {
        "type": "LineString",
        "coordinates": [
          [
            -44.1299075,
            -20.1384905
          ],
          [
            -44.1302615,
            -20.1381077
          ],
          [
            -44.1304922,
            -20.1378256
          ],
          [
            -44.1306746,
            -20.1375537
          ],
          [
            -44.130562,
            -20.1373069
          ],
          [
            -44.1303581,
            -20.1370853
          ],
          [
            -44.130165,
            -20.1369291
          ],
          [
            -44.1300952,
            -20.1368687
          ]
        ]
      },
      "id": "way/666413395"
    },
    {
      "type": "Feature",
      "properties": {
        "@id": "way/666413657",
        "highway": "path"
      },
      "geometry": {
        "type": "LineString",
        "coordinates": [
          [
            -44.1269383,
            -20.1351714
          ],
          [
            -44.1267559,
            -20.1351613
          ],
          [
            -44.1266299,
            -20.1350933
          ],
          [
            -44.126539,
            -20.1350139
          ]
        ]
      },
      "id": "way/666413657"
    },
    {
      "type": "Feature",
      "properties": {
        "@id": "way/666413658",
        "highway": "track"
      },
      "geometry": {
        "type": "LineString",
        "coordinates": [
          [
            -44.1293647,
            -20.1382173
          ],
          [
            -44.1291297,
            -20.138153
          ],
          [
            -44.1290519,
            -20.1381077
          ],
          [
            -44.1288775,
            -20.1377879
          ],
          [
            -44.1283169,
            -20.1368586
          ],
          [
            -44.1277269,
            -20.1359067
          ],
          [
            -44.1275927,
            -20.1356902
          ],
          [
            -44.1273728,
            -20.1353754
          ],
          [
            -44.1272655,
            -20.1352595
          ],
          [
            -44.1270643,
            -20.135048
          ]
        ]
      },
      "id": "way/666413658"
    },
    {
      "type": "Feature",
      "properties": {
        "@id": "way/666413952",
        "highway": "track"
      },
      "geometry": {
        "type": "LineString",
        "coordinates": [
          [
            -44.127126,
            -20.138158
          ],
          [
            -44.1270564,
            -20.1380925
          ],
          [
            -44.1269942,
            -20.1380062
          ],
          [
            -44.1269381,
            -20.1379463
          ],
          [
            -44.1268675,
            -20.1378928
          ],
          [
            -44.1267594,
            -20.137844
          ],
          [
            -44.1266062,
            -20.1378121
          ],
          [
            -44.1265407,
            -20.1378049
          ]
        ]
      },
      "id": "way/666413952"
    },
    {
      "type": "Feature",
      "properties": {
        "@id": "way/666417427",
        "highway": "track"
      },
      "geometry": {
        "type": "LineString",
        "coordinates": [
          [
            -44.1265407,
            -20.1378049
          ],
          [
            -44.1264565,
            -20.1377857
          ],
          [
            -44.1263314,
            -20.137741
          ],
          [
            -44.1262812,
            -20.1377146
          ],
          [
            -44.1262097,
            -20.1376635
          ],
          [
            -44.1261646,
            -20.1376196
          ]
        ]
      },
      "id": "way/666417427"
    },
    {
      "type": "Feature",
      "properties": {
        "@id": "way/666442580",
        "highway": "tertiary",
        "note:pt": "De terra em boa extensão, com alguns trechos de asfalto, bastante larga e com movimentação constante de caminhões, daí sua classificação como tertiary",
        "oneway": "no",
        "ref": "BMO-202",
        "source": "GPS",
        "surface": "ground"
      },
      "geometry": {
        "type": "LineString",
        "coordinates": [
          [
            -44.1263134,
            -20.139947
          ],
          [
            -44.1258152,
            -20.1398592
          ],
          [
            -44.1254994,
            -20.1397238
          ],
          [
            -44.1252721,
            -20.1396143
          ],
          [
            -44.1250688,
            -20.1395248
          ],
          [
            -44.1248254,
            -20.1393703
          ],
          [
            -44.1247449,
            -20.1393101
          ],
          [
            -44.1246723,
            -20.1392343
          ],
          [
            -44.1246074,
            -20.1391502
          ],
          [
            -44.1245411,
            -20.1390287
          ],
          [
            -44.1244271,
            -20.138789
          ],
          [
            -44.1242791,
            -20.1385545
          ],
          [
            -44.1242018,
            -20.1384246
          ],
          [
            -44.1240861,
            -20.1382203
          ],
          [
            -44.124042,
            -20.1381303
          ],
          [
            -44.1239507,
            -20.1378574
          ],
          [
            -44.123797,
            -20.1374716
          ],
          [
            -44.1235702,
            -20.1370215
          ],
          [
            -44.1234028,
            -20.1367314
          ],
          [
            -44.123281,
            -20.136487
          ],
          [
            -44.1231665,
            -20.1362497
          ],
          [
            -44.1230467,
            -20.1360012
          ],
          [
            -44.1229008,
            -20.1357047
          ],
          [
            -44.122721,
            -20.1352853
          ],
          [
            -44.1226342,
            -20.1351153
          ],
          [
            -44.1225718,
            -20.1349824
          ],
          [
            -44.1225274,
            -20.1349024
          ],
          [
            -44.1225004,
            -20.1348538
          ],
          [
            -44.1224546,
            -20.1347924
          ],
          [
            -44.1223928,
            -20.1347106
          ],
          [
            -44.1222811,
            -20.134558
          ],
          [
            -44.1222203,
            -20.1345023
          ],
          [
            -44.1220605,
            -20.1343665
          ],
          [
            -44.121788,
            -20.1341636
          ],
          [
            -44.1216311,
            -20.1340226
          ],
          [
            -44.1212483,
            -20.133752
          ],
          [
            -44.1208703,
            -20.133492
          ],
          [
            -44.1208144,
            -20.1334791
          ],
          [
            -44.1206968,
            -20.133461
          ],
          [
            -44.1205144,
            -20.1334944
          ],
          [
            -44.1203318,
            -20.1335279
          ],
          [
            -44.1196309,
            -20.1336994
          ],
          [
            -44.1192779,
            -20.1336252
          ],
          [
            -44.1190043,
            -20.1334413
          ],
          [
            -44.1189158,
            -20.1332046
          ],
          [
            -44.1189057,
            -20.132969
          ],
          [
            -44.1189229,
            -20.1327964
          ]
        ]
      },
      "id": "way/666442580"
    },
    {
      "type": "Feature",
      "properties": {
        "@id": "way/666541377",
        "highway": "residential",
        "surface": "unpaved"
      },
      "geometry": {
        "type": "LineString",
        "coordinates": [
          [
            -44.1083529,
            -20.1330459
          ],
          [
            -44.1083462,
            -20.1329456
          ],
          [
            -44.1083223,
            -20.1328515
          ],
          [
            -44.1082041,
            -20.1326832
          ],
          [
            -44.1080192,
            -20.1324659
          ],
          [
            -44.1078973,
            -20.1323174
          ]
        ]
      },
      "id": "way/666541377"
    },
    {
      "type": "Feature",
      "properties": {
        "@id": "way/666541405",
        "highway": "service",
        "surface": "unpaved"
      },
      "geometry": {
        "type": "LineString",
        "coordinates": [
          [
            -44.1015745,
            -20.121375
          ],
          [
            -44.1015152,
            -20.1213864
          ],
          [
            -44.1013835,
            -20.1214221
          ],
          [
            -44.1012626,
            -20.1214707
          ],
          [
            -44.1011416,
            -20.1215129
          ],
          [
            -44.1009582,
            -20.1215307
          ],
          [
            -44.1006797,
            -20.12154
          ],
          [
            -44.1005959,
            -20.1215272
          ],
          [
            -44.1005153,
            -20.1214943
          ],
          [
            -44.1003897,
            -20.1213886
          ],
          [
            -44.1002299,
            -20.1211356
          ],
          [
            -44.1001432,
            -20.121027
          ],
          [
            -44.1000169,
            -20.1209341
          ],
          [
            -44.0995087,
            -20.1205382
          ]
        ]
      },
      "id": "way/666541405"
    },
    {
      "type": "Feature",
      "properties": {
        "@id": "way/666541413",
        "highway": "track",
        "surface": "unpaved"
      },
      "geometry": {
        "type": "LineString",
        "coordinates": [
          [
            -44.1000169,
            -20.1209341
          ],
          [
            -44.0999834,
            -20.121147
          ],
          [
            -44.0999895,
            -20.1213114
          ],
          [
            -44.1000214,
            -20.1215131
          ],
          [
            -44.1000852,
            -20.1217261
          ],
          [
            -44.1000828,
            -20.1218599
          ],
          [
            -44.1000474,
            -20.1220751
          ],
          [
            -44.0999671,
            -20.122175
          ],
          [
            -44.0998489,
            -20.1222149
          ],
          [
            -44.0996103,
            -20.1222482
          ],
          [
            -44.0993717,
            -20.1223258
          ],
          [
            -44.0992252,
            -20.1224035
          ],
          [
            -44.0991283,
            -20.1224323
          ],
          [
            -44.0990125,
            -20.1224412
          ],
          [
            -44.098866,
            -20.1224235
          ],
          [
            -44.0987172,
            -20.1223569
          ],
          [
            -44.0985872,
            -20.1222593
          ],
          [
            -44.0984974,
            -20.1221483
          ],
          [
            -44.0984384,
            -20.1220419
          ],
          [
            -44.0984218,
            -20.1219531
          ],
          [
            -44.0984549,
            -20.1218244
          ],
          [
            -44.0985423,
            -20.1216943
          ],
          [
            -44.0985849,
            -20.1215679
          ],
          [
            -44.0985825,
            -20.121417
          ],
          [
            -44.0985683,
            -20.1213238
          ],
          [
            -44.0986085,
            -20.1212129
          ],
          [
            -44.0985967,
            -20.1211219
          ],
          [
            -44.0986345,
            -20.120941
          ],
          [
            -44.0987644,
            -20.1208389
          ]
        ]
      },
      "id": "way/666541413"
    },
    {
      "type": "Feature",
      "properties": {
        "@id": "way/666541417",
        "highway": "service",
        "surface": "unpaved"
      },
      "geometry": {
        "type": "LineString",
        "coordinates": [
          [
            -44.1011583,
            -20.1245655
          ],
          [
            -44.1011596,
            -20.1245172
          ],
          [
            -44.101204,
            -20.1242437
          ],
          [
            -44.1012405,
            -20.1241294
          ],
          [
            -44.1013744,
            -20.1237765
          ],
          [
            -44.1014749,
            -20.1234735
          ],
          [
            -44.1015114,
            -20.1232706
          ],
          [
            -44.101516,
            -20.1229076
          ],
          [
            -44.1015068,
            -20.1228033
          ],
          [
            -44.1014718,
            -20.1227033
          ],
          [
            -44.1014258,
            -20.1226379
          ],
          [
            -44.1013866,
            -20.1225661
          ],
          [
            -44.1013318,
            -20.1223603
          ],
          [
            -44.1013333,
            -20.1222503
          ],
          [
            -44.1013622,
            -20.1221302
          ],
          [
            -44.1014368,
            -20.1219602
          ],
          [
            -44.1015023,
            -20.121793
          ],
          [
            -44.101522,
            -20.1217001
          ],
          [
            -44.1015745,
            -20.121375
          ]
        ]
      },
      "id": "way/666541417"
    },
    {
      "type": "Feature",
      "properties": {
        "@id": "way/666543979",
        "highway": "service",
        "surface": "unpaved"
      },
      "geometry": {
        "type": "LineString",
        "coordinates": [
          [
            -44.1014064,
            -20.1206898
          ],
          [
            -44.1014657,
            -20.1204783
          ],
          [
            -44.101484,
            -20.1203354
          ],
          [
            -44.1014688,
            -20.1202325
          ],
          [
            -44.1014125,
            -20.120111
          ],
          [
            -44.1013166,
            -20.1200067
          ]
        ]
      },
      "id": "way/666543979"
    },
    {
      "type": "Feature",
      "properties": {
        "@id": "way/666557803",
        "highway": "service"
      },
      "geometry": {
        "type": "LineString",
        "coordinates": [
          [
            -44.1395098,
            -20.1322514
          ],
          [
            -44.1394216,
            -20.1322731
          ],
          [
            -44.1393616,
            -20.1322853
          ],
          [
            -44.1392664,
            -20.1323035
          ],
          [
            -44.139182,
            -20.1323267
          ],
          [
            -44.139127,
            -20.1323372
          ],
          [
            -44.1389522,
            -20.1323745
          ],
          [
            -44.1387884,
            -20.1324144
          ],
          [
            -44.1384105,
            -20.1325043
          ],
          [
            -44.1378903,
            -20.1325307
          ],
          [
            -44.1377304,
            -20.1325616
          ],
          [
            -44.137388,
            -20.1326606
          ],
          [
            -44.1372641,
            -20.1327428
          ],
          [
            -44.1371092,
            -20.1328979
          ]
        ]
      },
      "id": "way/666557803"
    },
    {
      "type": "Feature",
      "properties": {
        "@id": "way/666676024",
        "highway": "service",
        "surface": "ground"
      },
      "geometry": {
        "type": "LineString",
        "coordinates": [
          [
            -44.1385925,
            -20.1301348
          ],
          [
            -44.1385245,
            -20.1300835
          ],
          [
            -44.1383703,
            -20.1299578
          ],
          [
            -44.1382505,
            -20.1298354
          ],
          [
            -44.1381423,
            -20.1296349
          ],
          [
            -44.1379747,
            -20.1292469
          ],
          [
            -44.137854,
            -20.1290653
          ],
          [
            -44.137744,
            -20.1289611
          ],
          [
            -44.1374694,
            -20.1288496
          ],
          [
            -44.1373469,
            -20.1287644
          ],
          [
            -44.1372917,
            -20.1286389
          ],
          [
            -44.137261,
            -20.128487
          ],
          [
            -44.1372249,
            -20.1284087
          ],
          [
            -44.1371534,
            -20.1283411
          ],
          [
            -44.1365679,
            -20.1280975
          ]
        ]
      },
      "id": "way/666676024"
    },
    {
      "type": "Feature",
      "properties": {
        "@id": "way/666694520",
        "highway": "service"
      },
      "geometry": {
        "type": "LineString",
        "coordinates": [
          [
            -44.1398511,
            -20.1383821
          ],
          [
            -44.139491,
            -20.138289
          ],
          [
            -44.1392349,
            -20.1382386
          ],
          [
            -44.1390324,
            -20.1382097
          ],
          [
            -44.138791,
            -20.1381946
          ],
          [
            -44.1385147,
            -20.1382034
          ]
        ]
      },
      "id": "way/666694520"
    },
    {
      "type": "Feature",
      "properties": {
        "@id": "way/666895960",
        "highway": "track"
      },
      "geometry": {
        "type": "LineString",
        "coordinates": [
          [
            -44.109125,
            -20.1228861
          ],
          [
            -44.1090259,
            -20.1229492
          ],
          [
            -44.1089165,
            -20.1229618
          ],
          [
            -44.1088405,
            -20.1229179
          ],
          [
            -44.1086991,
            -20.1228177
          ],
          [
            -44.1086471,
            -20.1227739
          ],
          [
            -44.1086017,
            -20.1227426
          ],
          [
            -44.1085617,
            -20.122715
          ],
          [
            -44.108515,
            -20.1226912
          ],
          [
            -44.108479,
            -20.1226662
          ]
        ]
      },
      "id": "way/666895960"
    },
    {
      "type": "Feature",
      "properties": {
        "@id": "way/666900239",
        "highway": "service"
      },
      "geometry": {
        "type": "LineString",
        "coordinates": [
          [
            -44.1263965,
            -20.1392787
          ],
          [
            -44.127126,
            -20.138158
          ],
          [
            -44.1268405,
            -20.1372288
          ]
        ]
      },
      "id": "way/666900239"
    },
    {
      "type": "Feature",
      "properties": {
        "@id": "way/667063765",
        "highway": "track"
      },
      "geometry": {
        "type": "LineString",
        "coordinates": [
          [
            -44.1014278,
            -20.1068885
          ],
          [
            -44.1018248,
            -20.1076643
          ],
          [
            -44.1015995,
            -20.1090546
          ],
          [
            -44.1019964,
            -20.1106565
          ],
          [
            -44.102211,
            -20.1107774
          ],
          [
            -44.1028333,
            -20.1108681
          ],
          [
            -44.103756,
            -20.1119965
          ],
          [
            -44.1039437,
            -20.1131349
          ]
        ]
      },
      "id": "way/667063765"
    },
    {
      "type": "Feature",
      "properties": {
        "@id": "way/667063766",
        "highway": "track"
      },
      "geometry": {
        "type": "LineString",
        "coordinates": [
          [
            -44.1038337,
            -20.113422
          ],
          [
            -44.103908,
            -20.1133618
          ],
          [
            -44.1039626,
            -20.1133079
          ],
          [
            -44.1039787,
            -20.113249
          ],
          [
            -44.1039706,
            -20.1132027
          ],
          [
            -44.1039437,
            -20.1131349
          ],
          [
            -44.103049,
            -20.112872
          ],
          [
            -44.1022327,
            -20.1127493
          ],
          [
            -44.1019472,
            -20.1127568
          ],
          [
            -44.1017365,
            -20.1127844
          ],
          [
            -44.1015684,
            -20.1127568
          ],
          [
            -44.1014857,
            -20.1126766
          ],
          [
            -44.101435,
            -20.1125038
          ],
          [
            -44.1012883,
            -20.1111603
          ],
          [
            -44.1005051,
            -20.1103644
          ],
          [
            -44.1005373,
            -20.109367
          ],
          [
            -44.0999258,
            -20.1083796
          ],
          [
            -44.1010952,
            -20.106949
          ],
          [
            -44.1014278,
            -20.1068885
          ]
        ]
      },
      "id": "way/667063766"
    },
    {
      "type": "Feature",
      "properties": {
        "@id": "way/667063768",
        "highway": "track"
      },
      "geometry": {
        "type": "LineString",
        "coordinates": [
          [
            -44.1014825,
            -20.1207884
          ],
          [
            -44.1015297,
            -20.1206583
          ],
          [
            -44.1016179,
            -20.1205454
          ],
          [
            -44.1025731,
            -20.1195925
          ],
          [
            -44.1026858,
            -20.1193382
          ],
          [
            -44.1026804,
            -20.1191241
          ],
          [
            -44.1027394,
            -20.1189025
          ],
          [
            -44.1035306,
            -20.1180965
          ],
          [
            -44.1036084,
            -20.118031
          ],
          [
            -44.1038042,
            -20.1180512
          ],
          [
            -44.1039759,
            -20.1181217
          ],
          [
            -44.1041395,
            -20.118162
          ],
          [
            -44.1042548,
            -20.1181091
          ],
          [
            -44.104405,
            -20.1179227
          ],
          [
            -44.1044265,
            -20.1177414
          ],
          [
            -44.1043165,
            -20.1174719
          ],
          [
            -44.1041636,
            -20.1172654
          ],
          [
            -44.1042012,
            -20.1169329
          ],
          [
            -44.1043648,
            -20.1162731
          ],
          [
            -44.1043809,
            -20.1161698
          ],
          [
            -44.104287,
            -20.1156711
          ],
          [
            -44.1041636,
            -20.1145252
          ],
          [
            -44.104051,
            -20.1141121
          ],
          [
            -44.1040129,
            -20.1140821
          ],
          [
            -44.1036279,
            -20.1137788
          ],
          [
            -44.1035732,
            -20.1136999
          ],
          [
            -44.1035789,
            -20.1136084
          ],
          [
            -44.1035995,
            -20.1135528
          ],
          [
            -44.1036252,
            -20.1135296
          ],
          [
            -44.1038337,
            -20.113422
          ]
        ]
      },
      "id": "way/667063768"
    },
    {
      "type": "Feature",
      "properties": {
        "@id": "way/667063777",
        "highway": "track"
      },
      "geometry": {
        "type": "LineString",
        "coordinates": [
          [
            -44.1092326,
            -20.1181324
          ],
          [
            -44.1093313,
            -20.1181925
          ],
          [
            -44.1094193,
            -20.1182389
          ],
          [
            -44.1095247,
            -20.1182401
          ],
          [
            -44.1097541,
            -20.1181675
          ],
          [
            -44.1101803,
            -20.1180829
          ],
          [
            -44.1104856,
            -20.1179907
          ],
          [
            -44.1108339,
            -20.1179038
          ],
          [
            -44.1116708,
            -20.1177542
          ],
          [
            -44.1118549,
            -20.1177003
          ],
          [
            -44.1119176,
            -20.1176646
          ],
          [
            -44.111955,
            -20.1176114
          ],
          [
            -44.1119429,
            -20.1173158
          ],
          [
            -44.1119189,
            -20.1171204
          ],
          [
            -44.1118736,
            -20.1167948
          ],
          [
            -44.1118416,
            -20.1161585
          ],
          [
            -44.1117704,
            -20.1155729
          ],
          [
            -44.1117749,
            -20.1153682
          ],
          [
            -44.1118089,
            -20.1152223
          ],
          [
            -44.1118656,
            -20.1151522
          ],
          [
            -44.1119429,
            -20.115104
          ]
        ]
      },
      "id": "way/667063777"
    },
    {
      "type": "Feature",
      "properties": {
        "@id": "way/667063778",
        "highway": "track"
      },
      "geometry": {
        "type": "LineString",
        "coordinates": [
          [
            -44.1104856,
            -20.1179907
          ],
          [
            -44.1101243,
            -20.1179364
          ],
          [
            -44.1098848,
            -20.1179095
          ],
          [
            -44.1097781,
            -20.1178456
          ],
          [
            -44.1096674,
            -20.1176577
          ],
          [
            -44.1095367,
            -20.1174498
          ],
          [
            -44.109394,
            -20.117272
          ],
          [
            -44.109318,
            -20.1171117
          ],
          [
            -44.1093233,
            -20.1169463
          ],
          [
            -44.109366,
            -20.1167572
          ],
          [
            -44.1096034,
            -20.116409
          ],
          [
            -44.1096808,
            -20.1162637
          ],
          [
            -44.1096781,
            -20.1161185
          ],
          [
            -44.1095227,
            -20.1155779
          ],
          [
            -44.1094932,
            -20.1154344
          ]
        ]
      },
      "id": "way/667063778"
    },
    {
      "type": "Feature",
      "properties": {
        "@id": "way/667063779",
        "highway": "service"
      },
      "geometry": {
        "type": "LineString",
        "coordinates": [
          [
            -44.102203,
            -20.1043622
          ],
          [
            -44.1022915,
            -20.1045386
          ],
          [
            -44.1023666,
            -20.1047048
          ],
          [
            -44.102392,
            -20.1048748
          ],
          [
            -44.102435,
            -20.1050473
          ],
          [
            -44.1027381,
            -20.1055637
          ],
          [
            -44.1029017,
            -20.1057627
          ],
          [
            -44.1032785,
            -20.1060422
          ],
          [
            -44.1034247,
            -20.1061732
          ],
          [
            -44.1035333,
            -20.1062941
          ],
          [
            -44.1036272,
            -20.1064251
          ],
          [
            -44.1036513,
            -20.1065221
          ],
          [
            -44.1036607,
            -20.1066266
          ],
          [
            -44.1036406,
            -20.1067097
          ],
          [
            -44.1035843,
            -20.1067853
          ],
          [
            -44.1031055,
            -20.1070837
          ],
          [
            -44.102962,
            -20.107221
          ],
          [
            -44.1028896,
            -20.1073218
          ],
          [
            -44.1028748,
            -20.1074527
          ],
          [
            -44.1029097,
            -20.1075913
          ],
          [
            -44.1031095,
            -20.1079703
          ],
          [
            -44.1032316,
            -20.1080799
          ],
          [
            -44.1035521,
            -20.1082562
          ],
          [
            -44.1036346,
            -20.1083242
          ],
          [
            -44.1036715,
            -20.1083891
          ],
          [
            -44.1036929,
            -20.1084577
          ],
          [
            -44.1036929,
            -20.1085471
          ],
          [
            -44.1036661,
            -20.1086554
          ],
          [
            -44.103528,
            -20.1090886
          ],
          [
            -44.1035105,
            -20.1091932
          ],
          [
            -44.1035213,
            -20.1093002
          ],
          [
            -44.1035762,
            -20.1095156
          ],
          [
            -44.1035575,
            -20.1097196
          ],
          [
            -44.1034555,
            -20.1099727
          ],
          [
            -44.1032973,
            -20.1102598
          ],
          [
            -44.1032778,
            -20.1102973
          ],
          [
            -44.1032708,
            -20.1103401
          ],
          [
            -44.1032772,
            -20.1103823
          ],
          [
            -44.1033107,
            -20.1104286
          ],
          [
            -44.1033509,
            -20.1104538
          ],
          [
            -44.1034314,
            -20.1104853
          ],
          [
            -44.1036835,
            -20.1105293
          ],
          [
            -44.1038458,
            -20.1105772
          ],
          [
            -44.1039893,
            -20.1106427
          ],
          [
            -44.1041717,
            -20.1107711
          ],
          [
            -44.1043045,
            -20.1108983
          ],
          [
            -44.1044922,
            -20.1111804
          ],
          [
            -44.1048744,
            -20.1123118
          ],
          [
            -44.1049247,
            -20.1124668
          ],
          [
            -44.1049562,
            -20.112703
          ],
          [
            -44.104953,
            -20.1129923
          ],
          [
            -44.1049185,
            -20.1131118
          ],
          [
            -44.1048383,
            -20.113252
          ],
          [
            -44.1045585,
            -20.1135561
          ],
          [
            -44.1042441,
            -20.1139177
          ],
          [
            -44.1042186,
            -20.1139579
          ],
          [
            -44.1041954,
            -20.1140358
          ],
          [
            -44.1041954,
            -20.1141214
          ],
          [
            -44.1042331,
            -20.1143399
          ],
          [
            -44.1043117,
            -20.1150793
          ],
          [
            -44.1044469,
            -20.1158247
          ],
          [
            -44.1044878,
            -20.1160063
          ],
          [
            -44.1046056,
            -20.1164107
          ],
          [
            -44.1046355,
            -20.1165981
          ],
          [
            -44.1046355,
            -20.1169583
          ],
          [
            -44.1046277,
            -20.1170852
          ],
          [
            -44.1046449,
            -20.1172225
          ],
          [
            -44.1046764,
            -20.1174513
          ],
          [
            -44.1046622,
            -20.1176535
          ],
          [
            -44.1046599,
            -20.1177767
          ],
          [
            -44.1046701,
            -20.1178527
          ],
          [
            -44.104689,
            -20.1179192
          ],
          [
            -44.1048524,
            -20.1182055
          ],
          [
            -44.1050835,
            -20.1185213
          ],
          [
            -44.1054179,
            -20.1188419
          ]
        ]
      },
      "id": "way/667063779"
    },
    {
      "type": "Feature",
      "properties": {
        "@id": "way/667063780",
        "highway": "track"
      },
      "geometry": {
        "type": "LineString",
        "coordinates": [
          [
            -44.1128227,
            -20.1185887
          ],
          [
            -44.1127762,
            -20.1185574
          ],
          [
            -44.1125107,
            -20.1184265
          ]
        ]
      },
      "id": "way/667063780"
    },
    {
      "type": "Feature",
      "properties": {
        "@id": "way/667063781",
        "highway": "track"
      },
      "geometry": {
        "type": "LineString",
        "coordinates": [
          [
            -44.1116708,
            -20.1177542
          ],
          [
            -44.1117087,
            -20.1177893
          ],
          [
            -44.1122103,
            -20.1181091
          ],
          [
            -44.1125107,
            -20.1184265
          ],
          [
            -44.112626,
            -20.1187463
          ],
          [
            -44.1127038,
            -20.1189251
          ],
          [
            -44.112736,
            -20.1193306
          ],
          [
            -44.1127145,
            -20.1194968
          ]
        ]
      },
      "id": "way/667063781"
    },
    {
      "type": "Feature",
      "properties": {
        "@id": "way/667063782",
        "highway": "track"
      },
      "geometry": {
        "type": "LineString",
        "coordinates": [
          [
            -44.1130314,
            -20.1182226
          ],
          [
            -44.1129433,
            -20.1183253
          ],
          [
            -44.1127762,
            -20.1185574
          ],
          [
            -44.112626,
            -20.1187463
          ],
          [
            -44.1123524,
            -20.118978
          ],
          [
            -44.1121459,
            -20.1192828
          ],
          [
            -44.1116604,
            -20.1194968
          ]
        ]
      },
      "id": "way/667063782"
    },
    {
      "type": "Feature",
      "properties": {
        "@id": "way/667063787",
        "highway": "service"
      },
      "geometry": {
        "type": "LineString",
        "coordinates": [
          [
            -44.1137968,
            -20.1053609
          ],
          [
            -44.1137968,
            -20.1056078
          ],
          [
            -44.1139497,
            -20.106687
          ]
        ]
      },
      "id": "way/667063787"
    },
    {
      "type": "Feature",
      "properties": {
        "@id": "way/667063789",
        "highway": "track"
      },
      "geometry": {
        "type": "LineString",
        "coordinates": [
          [
            -44.1240495,
            -20.1080346
          ],
          [
            -44.124586,
            -20.1081882
          ],
          [
            -44.1247684,
            -20.1083469
          ],
          [
            -44.1248462,
            -20.108561
          ],
          [
            -44.1250098,
            -20.1086567
          ],
          [
            -44.1262329,
            -20.1087751
          ],
          [
            -44.1264378,
            -20.1087156
          ]
        ]
      },
      "id": "way/667063789"
    },
    {
      "type": "Feature",
      "properties": {
        "@id": "way/667063792",
        "highway": "service"
      },
      "geometry": {
        "type": "LineString",
        "coordinates": [
          [
            -44.1240408,
            -20.1131919
          ],
          [
            -44.1240061,
            -20.1133936
          ],
          [
            -44.1239351,
            -20.1135928
          ],
          [
            -44.1237628,
            -20.113918
          ],
          [
            -44.1235195,
            -20.1143555
          ],
          [
            -44.1234623,
            -20.1145222
          ],
          [
            -44.1233887,
            -20.1146255
          ],
          [
            -44.1233532,
            -20.1146417
          ],
          [
            -44.1232982,
            -20.1146478
          ],
          [
            -44.1231384,
            -20.1146466
          ],
          [
            -44.1230969,
            -20.1146568
          ],
          [
            -44.1230583,
            -20.1146889
          ],
          [
            -44.1230111,
            -20.1147572
          ],
          [
            -44.1229618,
            -20.1150052
          ],
          [
            -44.1229081,
            -20.1152914
          ],
          [
            -44.1228302,
            -20.115524
          ],
          [
            -44.1228094,
            -20.1156671
          ],
          [
            -44.1228094,
            -20.1159891
          ],
          [
            -44.1228492,
            -20.1166688
          ],
          [
            -44.1228544,
            -20.1167989
          ],
          [
            -44.1228302,
            -20.1170608
          ],
          [
            -44.1227299,
            -20.1174165
          ],
          [
            -44.1225395,
            -20.1178472
          ],
          [
            -44.122456,
            -20.1180325
          ]
        ]
      },
      "id": "way/667063792"
    },
    {
      "type": "Feature",
      "properties": {
        "@id": "way/667063794",
        "highway": "track"
      },
      "geometry": {
        "type": "LineString",
        "coordinates": [
          [
            -44.1201335,
            -20.1062992
          ],
          [
            -44.1202489,
            -20.1061254
          ],
          [
            -44.1208363,
            -20.1057727
          ]
        ]
      },
      "id": "way/667063794"
    },
    {
      "type": "Feature",
      "properties": {
        "@id": "way/667063795",
        "highway": "service"
      },
      "geometry": {
        "type": "LineString",
        "coordinates": [
          [
            -44.1144714,
            -20.1050939
          ],
          [
            -44.1143735,
            -20.1051859
          ],
          [
            -44.1142166,
            -20.1052791
          ],
          [
            -44.1140476,
            -20.105332
          ],
          [
            -44.1137968,
            -20.1053609
          ],
          [
            -44.1135862,
            -20.1053093
          ],
          [
            -44.1134629,
            -20.1052564
          ],
          [
            -44.1133784,
            -20.1051897
          ],
          [
            -44.1133113,
            -20.1051078
          ]
        ]
      },
      "id": "way/667063795"
    },
    {
      "type": "Feature",
      "properties": {
        "@id": "way/667067586",
        "highway": "service"
      },
      "geometry": {
        "type": "LineString",
        "coordinates": [
          [
            -44.1161691,
            -20.1257228
          ],
          [
            -44.1167215,
            -20.1259528
          ],
          [
            -44.1169982,
            -20.1261028
          ],
          [
            -44.1173227,
            -20.1263201
          ],
          [
            -44.1173616,
            -20.1263495
          ],
          [
            -44.1173923,
            -20.1263814
          ],
          [
            -44.1174197,
            -20.1264384
          ],
          [
            -44.1174223,
            -20.1265073
          ],
          [
            -44.117411,
            -20.1265655
          ],
          [
            -44.117371,
            -20.1266444
          ],
          [
            -44.1172556,
            -20.1267747
          ],
          [
            -44.1171568,
            -20.1269031
          ],
          [
            -44.1169331,
            -20.1272889
          ],
          [
            -44.11679,
            -20.127509
          ],
          [
            -44.1164856,
            -20.1280077
          ],
          [
            -44.1162969,
            -20.1283978
          ]
        ]
      },
      "id": "way/667067586"
    },
    {
      "type": "Feature",
      "properties": {
        "@id": "way/667294384",
        "highway": "track"
      },
      "geometry": {
        "type": "LineString",
        "coordinates": [
          [
            -44.1320814,
            -20.141778
          ],
          [
            -44.1320868,
            -20.1417037
          ],
          [
            -44.1320878,
            -20.141633
          ],
          [
            -44.1320821,
            -20.1415923
          ],
          [
            -44.1320489,
            -20.1415416
          ],
          [
            -44.1318985,
            -20.1414685
          ],
          [
            -44.1318347,
            -20.1414028
          ],
          [
            -44.1318171,
            -20.1413721
          ],
          [
            -44.1318125,
            -20.1413417
          ],
          [
            -44.1318242,
            -20.1412641
          ],
          [
            -44.131891,
            -20.1412152
          ],
          [
            -44.132217,
            -20.141088
          ],
          [
            -44.1323834,
            -20.1409817
          ],
          [
            -44.1324234,
            -20.1409004
          ],
          [
            -44.1326081,
            -20.1405381
          ],
          [
            -44.1327479,
            -20.1404418
          ],
          [
            -44.1329525,
            -20.1403795
          ],
          [
            -44.1333179,
            -20.1404065
          ],
          [
            -44.1336452,
            -20.1404389
          ],
          [
            -44.1337135,
            -20.1403904
          ],
          [
            -44.1337363,
            -20.1403514
          ],
          [
            -44.1337082,
            -20.1402079
          ],
          [
            -44.1335542,
            -20.1400568
          ],
          [
            -44.1330709,
            -20.1395699
          ],
          [
            -44.1329305,
            -20.1394145
          ],
          [
            -44.1327505,
            -20.139243
          ],
          [
            -44.1326612,
            -20.1392084
          ],
          [
            -44.1325765,
            -20.1392108
          ],
          [
            -44.1322159,
            -20.1393054
          ],
          [
            -44.1320742,
            -20.1392794
          ]
        ]
      },
      "id": "way/667294384"
    },
    {
      "type": "Feature",
      "properties": {
        "@id": "way/667294385",
        "highway": "track"
      },
      "geometry": {
        "type": "LineString",
        "coordinates": [
          [
            -44.1335542,
            -20.1400568
          ],
          [
            -44.1336894,
            -20.1400971
          ],
          [
            -44.1338798,
            -20.1401122
          ],
          [
            -44.1340046,
            -20.1401059
          ],
          [
            -44.1341735,
            -20.1400518
          ],
          [
            -44.134431,
            -20.1398793
          ],
          [
            -44.1346094,
            -20.1397433
          ],
          [
            -44.1347583,
            -20.1396148
          ],
          [
            -44.1348669,
            -20.139567
          ],
          [
            -44.1349541,
            -20.1395506
          ],
          [
            -44.1351606,
            -20.1394348
          ]
        ]
      },
      "id": "way/667294385"
    },
    {
      "type": "Feature",
      "properties": {
        "@id": "way/667294387",
        "highway": "track"
      },
      "geometry": {
        "type": "LineString",
        "coordinates": [
          [
            -44.138339,
            -20.1351753
          ],
          [
            -44.1382523,
            -20.1354079
          ],
          [
            -44.1381798,
            -20.1356638
          ],
          [
            -44.1381954,
            -20.135947
          ]
        ]
      },
      "id": "way/667294387"
    },
    {
      "type": "Feature",
      "properties": {
        "@id": "way/667294388",
        "highway": "track"
      },
      "geometry": {
        "type": "LineString",
        "coordinates": [
          [
            -44.1382249,
            -20.1360591
          ],
          [
            -44.1383135,
            -20.136151
          ],
          [
            -44.1385629,
            -20.136282
          ],
          [
            -44.1388479,
            -20.1365006
          ],
          [
            -44.1390791,
            -20.1367088
          ],
          [
            -44.1394179,
            -20.1373335
          ]
        ]
      },
      "id": "way/667294388"
    },
    {
      "type": "Feature",
      "properties": {
        "@id": "way/667294389",
        "bridge": "yes",
        "highway": "track",
        "layer": "1"
      },
      "geometry": {
        "type": "LineString",
        "coordinates": [
          [
            -44.1381954,
            -20.135947
          ],
          [
            -44.1382249,
            -20.1360591
          ]
        ]
      },
      "id": "way/667294389"
    },
    {
      "type": "Feature",
      "properties": {
        "@id": "way/667294390",
        "highway": "track"
      },
      "geometry": {
        "type": "LineString",
        "coordinates": [
          [
            -44.1364488,
            -20.1345289
          ],
          [
            -44.1364591,
            -20.1341794
          ],
          [
            -44.1365328,
            -20.1337836
          ],
          [
            -44.1365663,
            -20.1334196
          ],
          [
            -44.1365672,
            -20.1333365
          ],
          [
            -44.1365383,
            -20.1331904
          ]
        ]
      },
      "id": "way/667294390"
    },
    {
      "type": "Feature",
      "properties": {
        "@id": "way/667294391",
        "highway": "track"
      },
      "geometry": {
        "type": "LineString",
        "coordinates": [
          [
            -44.1337074,
            -20.1383236
          ],
          [
            -44.1334599,
            -20.1384573
          ],
          [
            -44.1333011,
            -20.1384861
          ],
          [
            -44.132757,
            -20.1387335
          ],
          [
            -44.1326861,
            -20.1387923
          ],
          [
            -44.1326543,
            -20.138876
          ],
          [
            -44.1326562,
            -20.1391544
          ],
          [
            -44.1326612,
            -20.1392084
          ]
        ]
      },
      "id": "way/667294391"
    },
    {
      "type": "Feature",
      "properties": {
        "@id": "way/667294392",
        "highway": "path"
      },
      "geometry": {
        "type": "LineString",
        "coordinates": [
          [
            -44.1337074,
            -20.1383236
          ],
          [
            -44.133866,
            -20.138136
          ],
          [
            -44.1338999,
            -20.1378872
          ],
          [
            -44.1338528,
            -20.1377734
          ],
          [
            -44.1337551,
            -20.1375372
          ],
          [
            -44.1337015,
            -20.1373119
          ]
        ]
      },
      "id": "way/667294392"
    },
    {
      "type": "Feature",
      "properties": {
        "@id": "way/667294406",
        "highway": "track"
      },
      "geometry": {
        "type": "LineString",
        "coordinates": [
          [
            -44.1452705,
            -20.1430924
          ],
          [
            -44.1452685,
            -20.1430012
          ],
          [
            -44.1452645,
            -20.1427531
          ],
          [
            -44.1453195,
            -20.1423225
          ],
          [
            -44.1453751,
            -20.1414968
          ],
          [
            -44.1453919,
            -20.1413354
          ],
          [
            -44.1453724,
            -20.1412892
          ],
          [
            -44.1452933,
            -20.1411358
          ],
          [
            -44.1451087,
            -20.1409976
          ],
          [
            -44.1449694,
            -20.140884
          ],
          [
            -44.1449037,
            -20.1407688
          ],
          [
            -44.1448711,
            -20.1406662
          ],
          [
            -44.144816,
            -20.1403577
          ],
          [
            -44.1448313,
            -20.1402104
          ],
          [
            -44.1448675,
            -20.140087
          ],
          [
            -44.1448769,
            -20.1400366
          ],
          [
            -44.144889,
            -20.1398742
          ],
          [
            -44.1448628,
            -20.1396294
          ],
          [
            -44.1447681,
            -20.1393618
          ]
        ]
      },
      "id": "way/667294406"
    },
    {
      "type": "Feature",
      "properties": {
        "@id": "way/667311948",
        "highway": "path"
      },
      "geometry": {
        "type": "LineString",
        "coordinates": [
          [
            -44.1351606,
            -20.1394348
          ],
          [
            -44.1351807,
            -20.1393315
          ],
          [
            -44.135634,
            -20.1390759
          ],
          [
            -44.136027,
            -20.1389085
          ],
          [
            -44.1361208,
            -20.138814
          ]
        ]
      },
      "id": "way/667311948"
    },
    {
      "type": "Feature",
      "properties": {
        "@id": "way/667311949",
        "highway": "path"
      },
      "geometry": {
        "type": "LineString",
        "coordinates": [
          [
            -44.1350909,
            -20.1390533
          ],
          [
            -44.1348039,
            -20.1391628
          ],
          [
            -44.1347247,
            -20.1392573
          ],
          [
            -44.1347583,
            -20.1396148
          ]
        ]
      },
      "id": "way/667311949"
    },
    {
      "type": "Feature",
      "properties": {
        "@id": "way/667311950",
        "highway": "path"
      },
      "geometry": {
        "type": "LineString",
        "coordinates": [
          [
            -44.1337074,
            -20.1383236
          ],
          [
            -44.1342822,
            -20.138352
          ],
          [
            -44.134478,
            -20.1384338
          ],
          [
            -44.1345799,
            -20.1387171
          ],
          [
            -44.1347744,
            -20.1388153
          ]
        ]
      },
      "id": "way/667311950"
    },
    {
      "type": "Feature",
      "properties": {
        "@id": "way/667311951",
        "highway": "path"
      },
      "geometry": {
        "type": "LineString",
        "coordinates": [
          [
            -44.1338528,
            -20.1377734
          ],
          [
            -44.1337055,
            -20.1377828
          ],
          [
            -44.1329625,
            -20.137949
          ],
          [
            -44.1328526,
            -20.1374681
          ],
          [
            -44.1334561,
            -20.1370122
          ],
          [
            -44.1349366,
            -20.1358337
          ],
          [
            -44.1357064,
            -20.1351991
          ],
          [
            -44.136385,
            -20.1346677
          ],
          [
            -44.1364488,
            -20.1345289
          ],
          [
            -44.1371951,
            -20.1339551
          ],
          [
            -44.1379045,
            -20.133346
          ]
        ]
      },
      "id": "way/667311951"
    },
    {
      "type": "Feature",
      "properties": {
        "@id": "way/667311952",
        "highway": "path"
      },
      "geometry": {
        "type": "LineString",
        "coordinates": [
          [
            -44.1371092,
            -20.1328979
          ],
          [
            -44.1374432,
            -20.1331656
          ],
          [
            -44.1375974,
            -20.1331479
          ],
          [
            -44.1378227,
            -20.1333482
          ],
          [
            -44.1379045,
            -20.133346
          ],
          [
            -44.1383377,
            -20.1330585
          ],
          [
            -44.1391343,
            -20.1323874
          ]
        ]
      },
      "id": "way/667311952"
    },
    {
      "type": "Feature",
      "properties": {
        "@id": "way/667311953",
        "highway": "service"
      },
      "geometry": {
        "type": "LineString",
        "coordinates": [
          [
            -44.141665,
            -20.1374341
          ],
          [
            -44.1410541,
            -20.1377234
          ],
          [
            -44.1408856,
            -20.1377554
          ],
          [
            -44.1405248,
            -20.1377378
          ],
          [
            -44.1403598,
            -20.1377362
          ],
          [
            -44.1401555,
            -20.1377346
          ],
          [
            -44.1399836,
            -20.1377506
          ]
        ]
      },
      "id": "way/667311953"
    },
    {
      "type": "Feature",
      "properties": {
        "@id": "way/667311954",
        "highway": "path"
      },
      "geometry": {
        "type": "LineString",
        "coordinates": [
          [
            -44.140804,
            -20.13395
          ],
          [
            -44.1406551,
            -20.1344549
          ]
        ]
      },
      "id": "way/667311954"
    },
    {
      "type": "Feature",
      "properties": {
        "@id": "way/667311956",
        "highway": "path"
      },
      "geometry": {
        "type": "LineString",
        "coordinates": [
          [
            -44.1405843,
            -20.1335365
          ],
          [
            -44.1407472,
            -20.1338547
          ],
          [
            -44.140804,
            -20.13395
          ]
        ]
      },
      "id": "way/667311956"
    },
    {
      "type": "Feature",
      "properties": {
        "@id": "way/667311957",
        "highway": "track"
      },
      "geometry": {
        "type": "LineString",
        "coordinates": [
          [
            -44.1405843,
            -20.1335365
          ],
          [
            -44.1405384,
            -20.1335345
          ],
          [
            -44.1401997,
            -20.1335762
          ],
          [
            -44.1401186,
            -20.1335635
          ],
          [
            -44.1400407,
            -20.133509
          ],
          [
            -44.1396567,
            -20.1329983
          ],
          [
            -44.1395093,
            -20.1328106
          ],
          [
            -44.1392471,
            -20.1325703
          ],
          [
            -44.1391343,
            -20.1323874
          ],
          [
            -44.139127,
            -20.1323372
          ]
        ]
      },
      "id": "way/667311957"
    },
    {
      "type": "Feature",
      "properties": {
        "@id": "way/667311958",
        "highway": "path"
      },
      "geometry": {
        "type": "LineString",
        "coordinates": [
          [
            -44.1440307,
            -20.1358589
          ],
          [
            -44.1438483,
            -20.135432
          ],
          [
            -44.1438008,
            -20.1350143
          ]
        ]
      },
      "id": "way/667311958"
    },
    {
      "type": "Feature",
      "properties": {
        "@id": "way/667311959",
        "highway": "path"
      },
      "geometry": {
        "type": "LineString",
        "coordinates": [
          [
            -44.1432226,
            -20.1401462
          ],
          [
            -44.1433333,
            -20.1396627
          ],
          [
            -44.1435103,
            -20.1393416
          ],
          [
            -44.1437289,
            -20.1390684
          ],
          [
            -44.1438925,
            -20.1387574
          ],
          [
            -44.1440012,
            -20.1387058
          ],
          [
            -44.1440924,
            -20.1387649
          ],
          [
            -44.144146,
            -20.1389966
          ],
          [
            -44.1442184,
            -20.1390281
          ],
          [
            -44.1445347,
            -20.1390565
          ]
        ]
      },
      "id": "way/667311959"
    },
    {
      "type": "Feature",
      "properties": {
        "@id": "way/667311961",
        "highway": "path"
      },
      "geometry": {
        "type": "LineString",
        "coordinates": [
          [
            -44.1422886,
            -20.1399926
          ],
          [
            -44.1423999,
            -20.1399321
          ],
          [
            -44.1425219,
            -20.1398818
          ],
          [
            -44.1427298,
            -20.1397508
          ]
        ]
      },
      "id": "way/667311961"
    },
    {
      "type": "Feature",
      "properties": {
        "@id": "way/667311963",
        "highway": "path"
      },
      "geometry": {
        "type": "LineString",
        "coordinates": [
          [
            -44.1428652,
            -20.139669
          ],
          [
            -44.1428317,
            -20.139426
          ],
          [
            -44.1426963,
            -20.1390759
          ],
          [
            -44.1426279,
            -20.1387738
          ],
          [
            -44.1426574,
            -20.138605
          ],
          [
            -44.1427217,
            -20.1385509
          ],
          [
            -44.1428854,
            -20.1383167
          ],
          [
            -44.1432931,
            -20.1380661
          ],
          [
            -44.1433749,
            -20.1379113
          ],
          [
            -44.1433682,
            -20.1377174
          ],
          [
            -44.1432944,
            -20.13757
          ],
          [
            -44.1432682,
            -20.1374507
          ]
        ]
      },
      "id": "way/667311963"
    },
    {
      "type": "Feature",
      "properties": {
        "@id": "way/667311964",
        "highway": "path"
      },
      "geometry": {
        "type": "LineString",
        "coordinates": [
          [
            -44.1429289,
            -20.1398327
          ],
          [
            -44.1429122,
            -20.1397754
          ],
          [
            -44.1428652,
            -20.139669
          ],
          [
            -44.1429605,
            -20.1395507
          ],
          [
            -44.1429739,
            -20.1393605
          ],
          [
            -44.1429015,
            -20.1391943
          ],
          [
            -44.1429564,
            -20.1389463
          ]
        ]
      },
      "id": "way/667311964"
    },
    {
      "type": "Feature",
      "properties": {
        "@id": "way/667311965",
        "highway": "path"
      },
      "geometry": {
        "type": "LineString",
        "coordinates": [
          [
            -44.1418527,
            -20.1400782
          ],
          [
            -44.1420874,
            -20.1399221
          ],
          [
            -44.1421866,
            -20.1398944
          ],
          [
            -44.1423127,
            -20.1398478
          ],
          [
            -44.1424026,
            -20.1397584
          ],
          [
            -44.1424549,
            -20.1397244
          ],
          [
            -44.142593,
            -20.1397118
          ],
          [
            -44.1427298,
            -20.1397508
          ],
          [
            -44.1427955,
            -20.1397596
          ],
          [
            -44.1429289,
            -20.1398327
          ],
          [
            -44.1429779,
            -20.1398616
          ],
          [
            -44.1430235,
            -20.139883
          ],
          [
            -44.1430912,
            -20.139934
          ],
          [
            -44.1431093,
            -20.1399743
          ],
          [
            -44.1430959,
            -20.1400732
          ]
        ]
      },
      "id": "way/667311965"
    },
    {
      "type": "Feature",
      "properties": {
        "@id": "way/667311974",
        "highway": "tertiary",
        "ref": "BMO-304",
        "surface": "ground"
      },
      "geometry": {
        "type": "LineString",
        "coordinates": [
          [
            -44.1440038,
            -20.1348138
          ],
          [
            -44.1441661,
            -20.1348327
          ],
          [
            -44.1442251,
            -20.1348188
          ],
          [
            -44.144268,
            -20.1347785
          ],
          [
            -44.1442949,
            -20.1347118
          ],
          [
            -44.1443297,
            -20.1345506
          ],
          [
            -44.1443646,
            -20.1344008
          ],
          [
            -44.1444196,
            -20.1342396
          ],
          [
            -44.1444893,
            -20.1341326
          ],
          [
            -44.1446181,
            -20.1339651
          ],
          [
            -44.1447817,
            -20.1337763
          ],
          [
            -44.1449084,
            -20.1336119
          ],
          [
            -44.1450378,
            -20.1334029
          ]
        ]
      },
      "id": "way/667311974"
    },
    {
      "type": "Feature",
      "properties": {
        "@id": "way/667311975",
        "highway": "track"
      },
      "geometry": {
        "type": "LineString",
        "coordinates": [
          [
            -44.1417454,
            -20.1377174
          ],
          [
            -44.1424525,
            -20.1374437
          ],
          [
            -44.1426661,
            -20.1374448
          ],
          [
            -44.1430365,
            -20.1375044
          ],
          [
            -44.1432682,
            -20.1374507
          ],
          [
            -44.1435006,
            -20.1373639
          ],
          [
            -44.1440672,
            -20.1373423
          ],
          [
            -44.14436,
            -20.1373805
          ]
        ]
      },
      "id": "way/667311975"
    },
    {
      "type": "Feature",
      "properties": {
        "@id": "way/667311976",
        "highway": "track"
      },
      "geometry": {
        "type": "LineString",
        "coordinates": [
          [
            -44.14436,
            -20.1373805
          ],
          [
            -44.1444674,
            -20.1374375
          ],
          [
            -44.1445663,
            -20.1374388
          ],
          [
            -44.1448142,
            -20.1373565
          ]
        ]
      },
      "id": "way/667311976"
    },
    {
      "type": "Feature",
      "properties": {
        "@id": "way/667311977",
        "highway": "track"
      },
      "geometry": {
        "type": "LineString",
        "coordinates": [
          [
            -44.1447681,
            -20.1393618
          ],
          [
            -44.1448379,
            -20.1394282
          ],
          [
            -44.1449517,
            -20.1394788
          ],
          [
            -44.1449721,
            -20.139528
          ],
          [
            -44.1450196,
            -20.139687
          ]
        ]
      },
      "id": "way/667311977"
    },
    {
      "type": "Feature",
      "properties": {
        "@id": "way/667314363",
        "highway": "track"
      },
      "geometry": {
        "type": "LineString",
        "coordinates": [
          [
            -44.1375584,
            -20.1388108
          ],
          [
            -44.1377593,
            -20.1388419
          ],
          [
            -44.1380418,
            -20.138893
          ],
          [
            -44.1384094,
            -20.1389665
          ],
          [
            -44.1386443,
            -20.1389697
          ],
          [
            -44.1389336,
            -20.1389505
          ],
          [
            -44.1397123,
            -20.1388178
          ]
        ]
      },
      "id": "way/667314363"
    },
    {
      "type": "Feature",
      "properties": {
        "@id": "way/667314364",
        "highway": "path"
      },
      "geometry": {
        "type": "LineString",
        "coordinates": [
          [
            -44.1377998,
            -20.1360729
          ],
          [
            -44.1380809,
            -20.1361367
          ],
          [
            -44.138293,
            -20.1362091
          ],
          [
            -44.1385629,
            -20.136282
          ]
        ]
      },
      "id": "way/667314364"
    },
    {
      "type": "Feature",
      "properties": {
        "@id": "way/667314365",
        "highway": "track"
      },
      "geometry": {
        "type": "LineString",
        "coordinates": [
          [
            -44.1390409,
            -20.1293896
          ],
          [
            -44.1389626,
            -20.1294004
          ],
          [
            -44.1388903,
            -20.1294155
          ],
          [
            -44.1388234,
            -20.1294482
          ],
          [
            -44.1387217,
            -20.1295057
          ],
          [
            -44.1385829,
            -20.1295933
          ]
        ]
      },
      "id": "way/667314365"
    },
    {
      "type": "Feature",
      "properties": {
        "@id": "way/667314366",
        "highway": "path"
      },
      "geometry": {
        "type": "LineString",
        "coordinates": [
          [
            -44.1399724,
            -20.1317736
          ],
          [
            -44.1399712,
            -20.131685
          ],
          [
            -44.1399672,
            -20.131563
          ],
          [
            -44.139884,
            -20.1312772
          ],
          [
            -44.1397683,
            -20.1310047
          ],
          [
            -44.1397318,
            -20.1307913
          ],
          [
            -44.1396912,
            -20.1304751
          ],
          [
            -44.1396404,
            -20.1302255
          ],
          [
            -44.13947,
            -20.1298291
          ],
          [
            -44.1392752,
            -20.1296558
          ],
          [
            -44.1387217,
            -20.1295057
          ]
        ]
      },
      "id": "way/667314366"
    },
    {
      "type": "Feature",
      "properties": {
        "@id": "way/667314368",
        "highway": "track"
      },
      "geometry": {
        "type": "LineString",
        "coordinates": [
          [
            -44.1424328,
            -20.1305913
          ],
          [
            -44.1426114,
            -20.1309895
          ],
          [
            -44.1421528,
            -20.1316564
          ],
          [
            -44.1418788,
            -20.132066
          ],
          [
            -44.1418326,
            -20.1321907
          ]
        ]
      },
      "id": "way/667314368"
    },
    {
      "type": "Feature",
      "properties": {
        "@id": "way/667314369",
        "highway": "track"
      },
      "geometry": {
        "type": "LineString",
        "coordinates": [
          [
            -44.1437277,
            -20.1325971
          ],
          [
            -44.1435205,
            -20.1325443
          ],
          [
            -44.1431977,
            -20.1325716
          ],
          [
            -44.1427088,
            -20.1326129
          ],
          [
            -44.1424629,
            -20.1326337
          ],
          [
            -44.1422934,
            -20.1326121
          ],
          [
            -44.1421814,
            -20.1325472
          ],
          [
            -44.1420609,
            -20.1324927
          ],
          [
            -44.1418159,
            -20.1323756
          ]
        ]
      },
      "id": "way/667314369"
    },
    {
      "type": "Feature",
      "properties": {
        "@id": "way/667314370",
        "highway": "track"
      },
      "geometry": {
        "type": "LineString",
        "coordinates": [
          [
            -44.1425978,
            -20.1339328
          ],
          [
            -44.1426766,
            -20.1341468
          ],
          [
            -44.1427295,
            -20.134308
          ],
          [
            -44.142854,
            -20.1344307
          ],
          [
            -44.1430151,
            -20.1344559
          ],
          [
            -44.143116,
            -20.1344012
          ],
          [
            -44.1432732,
            -20.1337445
          ],
          [
            -44.1436179,
            -20.1332264
          ],
          [
            -44.1436647,
            -20.133096
          ],
          [
            -44.1437478,
            -20.1328644
          ],
          [
            -44.1437633,
            -20.1326556
          ],
          [
            -44.1437277,
            -20.1325971
          ]
        ]
      },
      "id": "way/667314370"
    },
    {
      "type": "Feature",
      "properties": {
        "@id": "way/667314371",
        "highway": "track"
      },
      "geometry": {
        "type": "LineString",
        "coordinates": [
          [
            -44.1418159,
            -20.1323756
          ],
          [
            -44.141686,
            -20.1335522
          ]
        ]
      },
      "id": "way/667314371"
    },
    {
      "type": "Feature",
      "properties": {
        "@id": "way/667314372",
        "highway": "track"
      },
      "geometry": {
        "type": "LineString",
        "coordinates": [
          [
            -44.1418326,
            -20.1321907
          ],
          [
            -44.1418265,
            -20.1322875
          ],
          [
            -44.1418159,
            -20.1323756
          ]
        ]
      },
      "id": "way/667314372"
    },
    {
      "type": "Feature",
      "properties": {
        "@id": "way/667314373",
        "highway": "track"
      },
      "geometry": {
        "type": "LineString",
        "coordinates": [
          [
            -44.1418159,
            -20.1323756
          ],
          [
            -44.1416083,
            -20.1322808
          ],
          [
            -44.141518,
            -20.1322315
          ],
          [
            -44.1414331,
            -20.1322162
          ],
          [
            -44.1413118,
            -20.1322265
          ],
          [
            -44.1411652,
            -20.1323303
          ],
          [
            -44.1410671,
            -20.1327234
          ],
          [
            -44.1411279,
            -20.1331559
          ],
          [
            -44.1411888,
            -20.1332626
          ],
          [
            -44.1414626,
            -20.1334525
          ],
          [
            -44.141686,
            -20.1335522
          ],
          [
            -44.1419397,
            -20.1336379
          ],
          [
            -44.1423518,
            -20.1337221
          ],
          [
            -44.1425978,
            -20.1339328
          ]
        ]
      },
      "id": "way/667314373"
    },
    {
      "type": "Feature",
      "properties": {
        "@id": "way/667321171",
        "highway": "path"
      },
      "geometry": {
        "type": "LineString",
        "coordinates": [
          [
            -44.1199243,
            -20.1225014
          ],
          [
            -44.1216167,
            -20.1241254
          ],
          [
            -44.1218952,
            -20.1241076
          ],
          [
            -44.1219671,
            -20.1240904
          ],
          [
            -44.1227421,
            -20.1238941
          ],
          [
            -44.1232304,
            -20.1237503
          ]
        ]
      },
      "id": "way/667321171"
    },
    {
      "type": "Feature",
      "properties": {
        "@id": "way/667321172",
        "highway": "path"
      },
      "geometry": {
        "type": "LineString",
        "coordinates": [
          [
            -44.119739,
            -20.1266186
          ],
          [
            -44.1193583,
            -20.1264719
          ],
          [
            -44.1184962,
            -20.1263118
          ],
          [
            -44.1184318,
            -20.1262673
          ],
          [
            -44.1175849,
            -20.1259649
          ],
          [
            -44.1171813,
            -20.1259417
          ],
          [
            -44.1167493,
            -20.1259311
          ],
          [
            -44.1167215,
            -20.1259528
          ]
        ]
      },
      "id": "way/667321172"
    },
    {
      "type": "Feature",
      "properties": {
        "@id": "way/667321173",
        "highway": "path"
      },
      "geometry": {
        "type": "LineString",
        "coordinates": [
          [
            -44.1184318,
            -20.1262673
          ],
          [
            -44.1191877,
            -20.1262673
          ],
          [
            -44.119561,
            -20.1262459
          ],
          [
            -44.1200422,
            -20.1259613
          ],
          [
            -44.1202696,
            -20.1258208
          ],
          [
            -44.1203529,
            -20.1256909
          ],
          [
            -44.1203965,
            -20.1254419
          ],
          [
            -44.1204988,
            -20.1251999
          ]
        ]
      },
      "id": "way/667321173"
    },
    {
      "type": "Feature",
      "properties": {
        "@id": "way/667321178",
        "highway": "path"
      },
      "geometry": {
        "type": "LineString",
        "coordinates": [
          [
            -44.1216617,
            -20.1363427
          ],
          [
            -44.1214812,
            -20.1363092
          ],
          [
            -44.1212668,
            -20.1365533
          ],
          [
            -44.1209306,
            -20.1369402
          ],
          [
            -44.1209533,
            -20.1369986
          ],
          [
            -44.1223354,
            -20.1375467
          ],
          [
            -44.1224364,
            -20.1374716
          ]
        ]
      },
      "id": "way/667321178"
    },
    {
      "type": "Feature",
      "properties": {
        "@id": "way/667321179",
        "highway": "track"
      },
      "geometry": {
        "type": "LineString",
        "coordinates": [
          [
            -44.1214791,
            -20.1357026
          ],
          [
            -44.1211292,
            -20.1361449
          ],
          [
            -44.1208298,
            -20.1364494
          ]
        ]
      },
      "id": "way/667321179"
    },
    {
      "type": "Feature",
      "properties": {
        "@id": "way/667321180",
        "highway": "path"
      },
      "geometry": {
        "type": "LineString",
        "coordinates": [
          [
            -44.1216256,
            -20.1383759
          ],
          [
            -44.1215608,
            -20.1385516
          ],
          [
            -44.1216631,
            -20.1388233
          ],
          [
            -44.1219051,
            -20.1391243
          ],
          [
            -44.1219674,
            -20.1392613
          ],
          [
            -44.1219799,
            -20.1393948
          ],
          [
            -44.1219824,
            -20.139458
          ],
          [
            -44.1219749,
            -20.1396372
          ],
          [
            -44.122157,
            -20.1397379
          ],
          [
            -44.1223229,
            -20.139875
          ],
          [
            -44.1225662,
            -20.1399253
          ],
          [
            -44.1229791,
            -20.1399581
          ],
          [
            -44.1232585,
            -20.139937
          ]
        ]
      },
      "id": "way/667321180"
    },
    {
      "type": "Feature",
      "properties": {
        "@id": "way/667321182",
        "highway": "service"
      },
      "geometry": {
        "type": "LineString",
        "coordinates": [
          [
            -44.1262395,
            -20.1351445
          ],
          [
            -44.1263594,
            -20.1352987
          ],
          [
            -44.1264109,
            -20.1353702
          ],
          [
            -44.1264577,
            -20.1354197
          ],
          [
            -44.1264811,
            -20.1354497
          ]
        ]
      },
      "id": "way/667321182"
    },
    {
      "type": "Feature",
      "properties": {
        "@id": "way/667321184",
        "highway": "track"
      },
      "geometry": {
        "type": "LineString",
        "coordinates": [
          [
            -44.1250177,
            -20.1371492
          ],
          [
            -44.12513,
            -20.1369974
          ],
          [
            -44.1254109,
            -20.1366446
          ]
        ]
      },
      "id": "way/667321184"
    },
    {
      "type": "Feature",
      "properties": {
        "@id": "way/667321185",
        "highway": "path"
      },
      "geometry": {
        "type": "LineString",
        "coordinates": [
          [
            -44.1232544,
            -20.1378934
          ],
          [
            -44.1239048,
            -20.1381463
          ],
          [
            -44.124042,
            -20.1381303
          ]
        ]
      },
      "id": "way/667321185"
    },
    {
      "type": "Feature",
      "properties": {
        "@id": "way/667321186",
        "highway": "track"
      },
      "geometry": {
        "type": "LineString",
        "coordinates": [
          [
            -44.1242018,
            -20.1384246
          ],
          [
            -44.1240571,
            -20.1385373
          ],
          [
            -44.1239902,
            -20.1386962
          ],
          [
            -44.1239548,
            -20.1390843
          ],
          [
            -44.1238993,
            -20.1392107
          ],
          [
            -44.1238509,
            -20.1393025
          ],
          [
            -44.1237921,
            -20.1393668
          ],
          [
            -44.1236526,
            -20.1394499
          ],
          [
            -44.1236071,
            -20.1394707
          ],
          [
            -44.1234957,
            -20.139494
          ],
          [
            -44.1234691,
            -20.1394875
          ],
          [
            -44.1234595,
            -20.1394625
          ],
          [
            -44.1234445,
            -20.1393126
          ],
          [
            -44.1234232,
            -20.1392711
          ],
          [
            -44.1233894,
            -20.1392568
          ],
          [
            -44.1233455,
            -20.1392573
          ],
          [
            -44.1233186,
            -20.1392686
          ],
          [
            -44.1232878,
            -20.1392988
          ],
          [
            -44.122895,
            -20.1397548
          ]
        ]
      },
      "id": "way/667321186"
    },
    {
      "type": "Feature",
      "properties": {
        "@id": "way/667321195",
        "highway": "path"
      },
      "geometry": {
        "type": "LineString",
        "coordinates": [
          [
            -44.1297417,
            -20.1392331
          ],
          [
            -44.1301065,
            -20.1398083
          ],
          [
            -44.1301188,
            -20.1398892
          ],
          [
            -44.1300819,
            -20.139986
          ],
          [
            -44.1299633,
            -20.140041
          ],
          [
            -44.1298664,
            -20.1400279
          ],
          [
            -44.1298156,
            -20.139986
          ],
          [
            -44.1296339,
            -20.1397216
          ],
          [
            -44.1295739,
            -20.1396927
          ],
          [
            -44.1295123,
            -20.139697
          ],
          [
            -44.1292999,
            -20.1397736
          ],
          [
            -44.1292537,
            -20.1397664
          ],
          [
            -44.1292122,
            -20.1397389
          ],
          [
            -44.1290629,
            -20.1394802
          ],
          [
            -44.1288566,
            -20.1391276
          ],
          [
            -44.128695,
            -20.1390785
          ],
          [
            -44.1285334,
            -20.1390987
          ],
          [
            -44.1284456,
            -20.138986
          ],
          [
            -44.1284672,
            -20.1389065
          ],
          [
            -44.1284425,
            -20.1387707
          ],
          [
            -44.128384,
            -20.1386449
          ],
          [
            -44.1282409,
            -20.1385698
          ],
          [
            -44.128127,
            -20.1384339
          ],
          [
            -44.1280731,
            -20.1384296
          ],
          [
            -44.1279407,
            -20.1384614
          ],
          [
            -44.1277776,
            -20.1384599
          ],
          [
            -44.1275575,
            -20.138353
          ],
          [
            -44.1274554,
            -20.1382747
          ]
        ]
      },
      "id": "way/667321195"
    },
    {
      "type": "Feature",
      "properties": {
        "@id": "way/667321196",
        "highway": "path"
      },
      "geometry": {
        "type": "LineString",
        "coordinates": [
          [
            -44.130975,
            -20.1383091
          ],
          [
            -44.1310054,
            -20.1386926
          ],
          [
            -44.1309562,
            -20.1389759
          ],
          [
            -44.1305252,
            -20.1393386
          ],
          [
            -44.130399,
            -20.1394398
          ]
        ]
      },
      "id": "way/667321196"
    },
    {
      "type": "Feature",
      "properties": {
        "@id": "way/667321197",
        "highway": "path"
      },
      "geometry": {
        "type": "LineString",
        "coordinates": [
          [
            -44.130399,
            -20.1394398
          ],
          [
            -44.1304775,
            -20.1396031
          ],
          [
            -44.1306545,
            -20.1398155
          ],
          [
            -44.1309516,
            -20.1397808
          ],
          [
            -44.1314272,
            -20.1397649
          ],
          [
            -44.1317874,
            -20.1397389
          ],
          [
            -44.1320229,
            -20.139645
          ],
          [
            -44.1321476,
            -20.1394094
          ],
          [
            -44.1322159,
            -20.1393054
          ]
        ]
      },
      "id": "way/667321197"
    },
    {
      "type": "Feature",
      "properties": {
        "@id": "way/667376731",
        "highway": "service"
      },
      "geometry": {
        "type": "LineString",
        "coordinates": [
          [
            -44.1099501,
            -20.131992
          ],
          [
            -44.1099147,
            -20.1311979
          ]
        ]
      },
      "id": "way/667376731"
    },
    {
      "type": "Feature",
      "properties": {
        "@id": "way/706395545",
        "highway": "unclassified",
        "name": "Rua Muro de Pedra",
        "smoothness": "bad",
        "source:highway": "schema_br2013",
        "source:highway_classification": "very narrow therefore unclassified",
        "surface": "ground"
      },
      "geometry": {
        "type": "LineString",
        "coordinates": [
          [
            -44.1075992,
            -20.1358495
          ],
          [
            -44.1076714,
            -20.1358862
          ],
          [
            -44.1077163,
            -20.1359222
          ],
          [
            -44.1077583,
            -20.1359692
          ],
          [
            -44.1078209,
            -20.1360951
          ],
          [
            -44.1080222,
            -20.1365242
          ],
          [
            -44.1083068,
            -20.1371558
          ],
          [
            -44.1083875,
            -20.1373487
          ],
          [
            -44.1084126,
            -20.1374426
          ],
          [
            -44.1084209,
            -20.1374987
          ],
          [
            -44.1084042,
            -20.1380031
          ],
          [
            -44.108424,
            -20.138156
          ]
        ]
      },
      "id": "way/706395545"
    },
    {
      "type": "Feature",
      "properties": {
        "@id": "way/725900621",
        "highway": "tertiary",
        "note:pt": "De terra em boa extensão, com alguns trechos de asfalto, bastante larga e com movimentação constante de caminhões, daí sua classificação como tertiary",
        "oneway": "no",
        "ref": "BMO-305",
        "smoothness": "intermediate",
        "source": "GPS",
        "surface": "asphalt"
      },
      "geometry": {
        "type": "LineString",
        "coordinates": [
          [
            -44.1041165,
            -20.133587
          ],
          [
            -44.1036017,
            -20.1333077
          ],
          [
            -44.1034027,
            -20.1332074
          ],
          [
            -44.1030851,
            -20.1330387
          ],
          [
            -44.1027021,
            -20.1328357
          ],
          [
            -44.1024615,
            -20.1327029
          ],
          [
            -44.1019217,
            -20.132442
          ],
          [
            -44.1016491,
            -20.1322885
          ],
          [
            -44.1014981,
            -20.132193
          ],
          [
            -44.1013802,
            -20.1321128
          ],
          [
            -44.101291,
            -20.1320249
          ],
          [
            -44.1011687,
            -20.1318886
          ],
          [
            -44.1009971,
            -20.1316279
          ],
          [
            -44.1008055,
            -20.1312861
          ],
          [
            -44.100664,
            -20.1310482
          ],
          [
            -44.1005845,
            -20.1308932
          ],
          [
            -44.1005314,
            -20.1307922
          ],
          [
            -44.1004902,
            -20.1306705
          ],
          [
            -44.1004754,
            -20.1304892
          ],
          [
            -44.1004754,
            -20.1302928
          ],
          [
            -44.1004784,
            -20.1299054
          ],
          [
            -44.1004946,
            -20.1295457
          ],
          [
            -44.1004902,
            -20.1293215
          ],
          [
            -44.1005079,
            -20.1291929
          ],
          [
            -44.1005093,
            -20.1288567
          ],
          [
            -44.1005152,
            -20.1286021
          ],
          [
            -44.1005152,
            -20.1285233
          ],
          [
            -44.1005226,
            -20.1283226
          ],
          [
            -44.1005285,
            -20.1282327
          ],
          [
            -44.1005241,
            -20.1279145
          ],
          [
            -44.1005241,
            -20.1277084
          ],
          [
            -44.10053,
            -20.1275617
          ],
          [
            -44.10053,
            -20.1274261
          ],
          [
            -44.1005152,
            -20.1272961
          ],
          [
            -44.1004725,
            -20.1271632
          ],
          [
            -44.1004032,
            -20.1270207
          ],
          [
            -44.1003237,
            -20.1268741
          ],
          [
            -44.1002264,
            -20.126614
          ],
          [
            -44.1001188,
            -20.1263442
          ],
          [
            -44.1000216,
            -20.1261048
          ],
          [
            -44.0999229,
            -20.125907
          ],
          [
            -44.0998286,
            -20.1257257
          ],
          [
            -44.0997343,
            -20.1255597
          ],
          [
            -44.0996812,
            -20.1254352
          ],
          [
            -44.0996149,
            -20.1252982
          ],
          [
            -44.0995812,
            -20.1251893
          ],
          [
            -44.0995364,
            -20.1250907
          ],
          [
            -44.0995092,
            -20.1249644
          ],
          [
            -44.09948,
            -20.1248847
          ]
        ]
      },
      "id": "way/725900621"
    },
    {
      "type": "Feature",
      "properties": {
        "@id": "way/725900622",
        "highway": "tertiary",
        "note:pt": "De terra em boa extensão, com alguns trechos de asfalto, bastante larga e com movimentação constante de caminhões, daí sua classificação como tertiary",
        "oneway": "no",
        "ref": "BMO-305",
        "source": "GPS",
        "surface": "ground"
      },
      "geometry": {
        "type": "LineString",
        "coordinates": [
          [
            -44.1179465,
            -20.1327448
          ],
          [
            -44.1178306,
            -20.1327609
          ],
          [
            -44.1175141,
            -20.1328612
          ],
          [
            -44.1173128,
            -20.1329389
          ],
          [
            -44.117102,
            -20.1330248
          ],
          [
            -44.116892,
            -20.1331277
          ],
          [
            -44.1166766,
            -20.1332656
          ],
          [
            -44.1164453,
            -20.133412
          ],
          [
            -44.1162768,
            -20.1335409
          ],
          [
            -44.1160592,
            -20.1337268
          ],
          [
            -44.115857,
            -20.1339584
          ],
          [
            -44.1157427,
            -20.1341112
          ],
          [
            -44.1156275,
            -20.1344251
          ],
          [
            -44.1156167,
            -20.1345821
          ],
          [
            -44.1156613,
            -20.1347887
          ]
        ]
      },
      "id": "way/725900622"
    },
    {
      "type": "Feature",
      "properties": {
        "@id": "way/824806259",
        "highway": "service",
        "surface": "unpaved"
      },
      "geometry": {
        "type": "LineString",
        "coordinates": [
          [
            -44.1279522,
            -20.1076039
          ],
          [
            -44.1285771,
            -20.1079943
          ],
          [
            -44.1289124,
            -20.1081781
          ],
          [
            -44.129194,
            -20.1083267
          ],
          [
            -44.1295266,
            -20.1084602
          ],
          [
            -44.1298887,
            -20.1085559
          ],
          [
            -44.1307041,
            -20.1086894
          ],
          [
            -44.1310541,
            -20.1087411
          ],
          [
            -44.1312312,
            -20.1087726
          ],
          [
            -44.1313599,
            -20.108799
          ],
          [
            -44.1314806,
            -20.1088519
          ],
          [
            -44.1315758,
            -20.1089589
          ],
          [
            -44.1316496,
            -20.1090924
          ],
          [
            -44.1317019,
            -20.1092335
          ]
        ]
      },
      "id": "way/824806259"
    },
    {
      "type": "Feature",
      "properties": {
        "@id": "way/824806260",
        "highway": "service"
      },
      "geometry": {
        "type": "LineString",
        "coordinates": [
          [
            -44.1291541,
            -20.1122629
          ],
          [
            -44.1293496,
            -20.1118252
          ]
        ]
      },
      "id": "way/824806260"
    },
    {
      "type": "Feature",
      "properties": {
        "@id": "way/828126018",
        "highway": "unclassified",
        "surface": "unpaved"
      },
      "geometry": {
        "type": "LineString",
        "coordinates": [
          [
            -44.1075992,
            -20.1358495
          ],
          [
            -44.1075184,
            -20.1358598
          ],
          [
            -44.1074439,
            -20.1358526
          ],
          [
            -44.1073571,
            -20.1358255
          ],
          [
            -44.1072551,
            -20.1357747
          ],
          [
            -44.1071806,
            -20.1357362
          ],
          [
            -44.1071355,
            -20.1357103
          ],
          [
            -44.1070329,
            -20.1356654
          ],
          [
            -44.106947,
            -20.1356376
          ],
          [
            -44.106705,
            -20.1355854
          ],
          [
            -44.1065162,
            -20.1355454
          ],
          [
            -44.106444,
            -20.1355268
          ],
          [
            -44.1063709,
            -20.1354968
          ],
          [
            -44.1062004,
            -20.1353975
          ],
          [
            -44.1059866,
            -20.1352975
          ],
          [
            -44.1059098,
            -20.1352668
          ],
          [
            -44.1057568,
            -20.1352253
          ],
          [
            -44.1056715,
            -20.1352066
          ],
          [
            -44.1054684,
            -20.1351725
          ],
          [
            -44.1052575,
            -20.1351029
          ]
        ]
      },
      "id": "way/828126018"
    },
    {
      "type": "Feature",
      "properties": {
        "@id": "way/835020156",
        "highway": "service"
      },
      "geometry": {
        "type": "LineString",
        "coordinates": [
          [
            -44.1434496,
            -20.135204
          ],
          [
            -44.143631,
            -20.1349939
          ],
          [
            -44.1438008,
            -20.1350143
          ],
          [
            -44.1440038,
            -20.1348138
          ]
        ]
      },
      "id": "way/835020156"
    },
    {
      "type": "Feature",
      "properties": {
        "@id": "way/835644722",
        "highway": "service"
      },
      "geometry": {
        "type": "LineString",
        "coordinates": [
          [
            -44.1256006,
            -20.1207622
          ],
          [
            -44.1258091,
            -20.1207706
          ],
          [
            -44.1258788,
            -20.1207681
          ],
          [
            -44.1259512,
            -20.1207422
          ],
          [
            -44.1259941,
            -20.12069
          ],
          [
            -44.128274,
            -20.1146587
          ]
        ]
      },
      "id": "way/835644722"
    },
    {
      "type": "Feature",
      "properties": {
        "@id": "way/835644723",
        "highway": "service",
        "surface": "unpaved"
      },
      "geometry": {
        "type": "LineString",
        "coordinates": [
          [
            -44.1291541,
            -20.1122629
          ],
          [
            -44.1284279,
            -20.11425
          ],
          [
            -44.128274,
            -20.1146587
          ]
        ]
      },
      "id": "way/835644723"
    },
    {
      "type": "Feature",
      "properties": {
        "@id": "way/835644724",
        "highway": "service",
        "surface": "unpaved"
      },
      "geometry": {
        "type": "LineString",
        "coordinates": [
          [
            -44.1313612,
            -20.1093342
          ],
          [
            -44.1320854,
            -20.1103694
          ],
          [
            -44.1323,
            -20.1107145
          ],
          [
            -44.1323885,
            -20.110926
          ],
          [
            -44.1324234,
            -20.1111401
          ],
          [
            -44.132418,
            -20.1113038
          ],
          [
            -44.1323644,
            -20.111465
          ],
          [
            -44.1322383,
            -20.1117043
          ],
          [
            -44.1320398,
            -20.1120141
          ],
          [
            -44.1317582,
            -20.112334
          ],
          [
            -44.1312888,
            -20.1127646
          ],
          [
            -44.1309723,
            -20.1127344
          ],
          [
            -44.1306236,
            -20.1126891
          ],
          [
            -44.130055,
            -20.1125682
          ],
          [
            -44.1297117,
            -20.1124498
          ],
          [
            -44.1293472,
            -20.1122881
          ]
        ]
      },
      "id": "way/835644724"
    },
    {
      "type": "Feature",
      "properties": {
        "@id": "way/858457222",
        "highway": "service",
        "surface": "unpaved"
      },
      "geometry": {
        "type": "LineString",
        "coordinates": [
          [
            -44.1242298,
            -20.1235276
          ],
          [
            -44.1241425,
            -20.1239179
          ],
          [
            -44.1241214,
            -20.124028
          ],
          [
            -44.1240793,
            -20.1241266
          ],
          [
            -44.1240519,
            -20.1242452
          ],
          [
            -44.1240146,
            -20.1243609
          ],
          [
            -44.123974,
            -20.1244679
          ],
          [
            -44.1236935,
            -20.1254541
          ],
          [
            -44.1231913,
            -20.1276319
          ],
          [
            -44.1230391,
            -20.128375
          ],
          [
            -44.1229797,
            -20.1286751
          ],
          [
            -44.1229493,
            -20.1288965
          ],
          [
            -44.1229465,
            -20.1291743
          ]
        ]
      },
      "id": "way/858457222"
    },
    {
      "type": "Feature",
      "properties": {
        "@id": "way/858460866",
        "highway": "unclassified",
        "oneway": "yes"
      },
      "geometry": {
        "type": "LineString",
        "coordinates": [
          [
            -44.1018962,
            -20.1251115
          ],
          [
            -44.1017566,
            -20.1251144
          ],
          [
            -44.1015371,
            -20.1250695
          ],
          [
            -44.1014788,
            -20.1250531
          ],
          [
            -44.1014494,
            -20.1250426
          ],
          [
            -44.1013944,
            -20.1250182
          ]
        ]
      },
      "id": "way/858460866"
    },
    {
      "type": "Feature",
      "properties": {
        "@id": "way/858460867",
        "highway": "unclassified",
        "oneway": "yes"
      },
      "geometry": {
        "type": "LineString",
        "coordinates": [
          [
            -44.1015109,
            -20.1248397
          ],
          [
            -44.1015411,
            -20.1248642
          ],
          [
            -44.1015739,
            -20.124893
          ],
          [
            -44.101623,
            -20.1249317
          ],
          [
            -44.1017487,
            -20.1250258
          ],
          [
            -44.1018962,
            -20.1251115
          ]
        ]
      },
      "id": "way/858460867"
    },
    {
      "type": "Feature",
      "properties": {
        "@id": "way/858460868",
        "highway": "unclassified",
        "oneway": "yes"
      },
      "geometry": {
        "type": "LineString",
        "coordinates": [
          [
            -44.101227,
            -20.1248022
          ],
          [
            -44.1012876,
            -20.12479
          ],
          [
            -44.1013363,
            -20.1247821
          ],
          [
            -44.1013688,
            -20.1247798
          ],
          [
            -44.1014021,
            -20.1247799
          ],
          [
            -44.101434,
            -20.1247889
          ],
          [
            -44.1014619,
            -20.1248059
          ],
          [
            -44.1015109,
            -20.1248397
          ]
        ]
      },
      "id": "way/858460868"
    },
    {
      "type": "Feature",
      "properties": {
        "@id": "way/858460869",
        "highway": "unclassified"
      },
      "geometry": {
        "type": "LineString",
        "coordinates": [
          [
            -44.1054179,
            -20.1188419
          ],
          [
            -44.1057576,
            -20.1184104
          ],
          [
            -44.105928,
            -20.1182775
          ],
          [
            -44.1060604,
            -20.1182304
          ],
          [
            -44.1061312,
            -20.1182253
          ],
          [
            -44.1062119,
            -20.1182296
          ],
          [
            -44.1063321,
            -20.1182947
          ],
          [
            -44.1064379,
            -20.118349
          ],
          [
            -44.1066418,
            -20.1185205
          ],
          [
            -44.1068975,
            -20.1188577
          ],
          [
            -44.1070466,
            -20.1192536
          ]
        ]
      },
      "id": "way/858460869"
    },
    {
      "type": "Feature",
      "properties": {
        "@id": "way/858460870",
        "highway": "unclassified"
      },
      "geometry": {
        "type": "LineString",
        "coordinates": [
          [
            -44.1054179,
            -20.1188419
          ],
          [
            -44.1050191,
            -20.119432
          ],
          [
            -44.1046261,
            -20.1201021
          ],
          [
            -44.1044453,
            -20.1204135
          ],
          [
            -44.1043164,
            -20.1206275
          ],
          [
            -44.1042897,
            -20.1207132
          ],
          [
            -44.1042693,
            -20.1207973
          ],
          [
            -44.1042598,
            -20.1209021
          ],
          [
            -44.104263,
            -20.1211176
          ],
          [
            -44.104285,
            -20.1212976
          ],
          [
            -44.104362,
            -20.121705
          ],
          [
            -44.1044689,
            -20.1222127
          ],
          [
            -44.1045019,
            -20.122685
          ],
          [
            -44.1045742,
            -20.1231396
          ],
          [
            -44.1045569,
            -20.123302
          ],
          [
            -44.1045035,
            -20.1234436
          ],
          [
            -44.1044107,
            -20.1235617
          ],
          [
            -44.1036798,
            -20.1240886
          ],
          [
            -44.1029426,
            -20.1245934
          ],
          [
            -44.1023083,
            -20.1250118
          ],
          [
            -44.1020812,
            -20.1250863
          ],
          [
            -44.1018962,
            -20.1251115
          ]
        ]
      },
      "id": "way/858460870"
    },
    {
      "type": "Feature",
      "properties": {
        "@id": "way/858464790",
        "highway": "unclassified",
        "oneway": "yes",
        "surface": "unpaved"
      },
      "geometry": {
        "type": "LineString",
        "coordinates": [
          [
            -44.1009589,
            -20.1248642
          ],
          [
            -44.1010701,
            -20.1248402
          ],
          [
            -44.1011593,
            -20.1248181
          ]
        ]
      },
      "id": "way/858464790"
    },
    {
      "type": "Feature",
      "properties": {
        "@id": "way/858464791",
        "highway": "unclassified",
        "surface": "unpaved"
      },
      "geometry": {
        "type": "LineString",
        "coordinates": [
          [
            -44.09948,
            -20.1248847
          ],
          [
            -44.0996379,
            -20.1248739
          ],
          [
            -44.0998487,
            -20.1248461
          ],
          [
            -44.1000534,
            -20.1248139
          ],
          [
            -44.1002147,
            -20.1248011
          ],
          [
            -44.1005832,
            -20.1248118
          ],
          [
            -44.1008205,
            -20.1248428
          ],
          [
            -44.1009589,
            -20.1248642
          ]
        ]
      },
      "id": "way/858464791"
    },
    {
      "type": "Feature",
      "properties": {
        "@id": "way/858464792",
        "highway": "unclassified",
        "oneway": "yes"
      },
      "geometry": {
        "type": "LineString",
        "coordinates": [
          [
            -44.1011593,
            -20.1248181
          ],
          [
            -44.101227,
            -20.1248022
          ]
        ]
      },
      "id": "way/858464792"
    },
    {
      "type": "Feature",
      "properties": {
        "@id": "way/858464793",
        "highway": "unclassified",
        "oneway": "yes"
      },
      "geometry": {
        "type": "LineString",
        "coordinates": [
          [
            -44.1012951,
            -20.124997
          ],
          [
            -44.1011758,
            -20.1249513
          ],
          [
            -44.1010831,
            -20.1249159
          ],
          [
            -44.1009589,
            -20.1248642
          ]
        ]
      },
      "id": "way/858464793"
    },
    {
      "type": "Feature",
      "properties": {
        "@id": "way/858492866",
        "highway": "service",
        "surface": "unpaved"
      },
      "geometry": {
        "type": "LineString",
        "coordinates": [
          [
            -44.100787,
            -20.1201724
          ],
          [
            -44.1008615,
            -20.1202796
          ],
          [
            -44.1010092,
            -20.1204711
          ],
          [
            -44.101105,
            -20.1205569
          ],
          [
            -44.1012131,
            -20.1206183
          ],
          [
            -44.1014064,
            -20.1206898
          ],
          [
            -44.1014825,
            -20.1207884
          ],
          [
            -44.1015312,
            -20.1210056
          ],
          [
            -44.1015768,
            -20.1212671
          ],
          [
            -44.1015745,
            -20.121375
          ]
        ]
      },
      "id": "way/858492866"
    },
    {
      "type": "Feature",
      "properties": {
        "@id": "way/858492867",
        "highway": "unclassified"
      },
      "geometry": {
        "type": "LineString",
        "coordinates": [
          [
            -44.1064,
            -20.1262427
          ],
          [
            -44.1064958,
            -20.1263733
          ],
          [
            -44.1066004,
            -20.1266139
          ],
          [
            -44.1067937,
            -20.1270272
          ],
          [
            -44.1068927,
            -20.1271703
          ],
          [
            -44.1069305,
            -20.1272869
          ],
          [
            -44.1069996,
            -20.1278817
          ],
          [
            -44.1070845,
            -20.1284706
          ],
          [
            -44.1071615,
            -20.1289502
          ],
          [
            -44.1072684,
            -20.129117
          ],
          [
            -44.1073596,
            -20.1292292
          ],
          [
            -44.1075749,
            -20.1296114
          ],
          [
            -44.1077573,
            -20.1301752
          ],
          [
            -44.1078736,
            -20.1305442
          ],
          [
            -44.1080151,
            -20.1310401
          ],
          [
            -44.1080984,
            -20.1315625
          ],
          [
            -44.1081518,
            -20.1319079
          ],
          [
            -44.1082005,
            -20.1320554
          ],
          [
            -44.1082422,
            -20.1321078
          ],
          [
            -44.1083145,
            -20.1321292
          ],
          [
            -44.1084583,
            -20.1321292
          ],
          [
            -44.108779,
            -20.1321204
          ],
          [
            -44.1094266,
            -20.1320259
          ],
          [
            -44.1099501,
            -20.131992
          ],
          [
            -44.1105521,
            -20.1319912
          ]
        ]
      },
      "id": "way/858492867"
    },
    {
      "type": "Feature",
      "properties": {
        "@id": "way/858492868",
        "highway": "unclassified"
      },
      "geometry": {
        "type": "LineString",
        "coordinates": [
          [
            -44.1070809,
            -20.1209038
          ],
          [
            -44.1068959,
            -20.1214777
          ],
          [
            -44.1067843,
            -20.1217596
          ],
          [
            -44.1066648,
            -20.121981
          ],
          [
            -44.106418,
            -20.1224016
          ],
          [
            -44.1063363,
            -20.122561
          ],
          [
            -44.1062608,
            -20.1227485
          ],
          [
            -44.106231,
            -20.1228533
          ],
          [
            -44.1061854,
            -20.1231042
          ],
          [
            -44.1061618,
            -20.1235573
          ],
          [
            -44.1061327,
            -20.1239595
          ],
          [
            -44.1061335,
            -20.1243506
          ],
          [
            -44.1060864,
            -20.1246723
          ],
          [
            -44.1060015,
            -20.1250524
          ],
          [
            -44.1059999,
            -20.1251409
          ],
          [
            -44.1060188,
            -20.1252649
          ],
          [
            -44.1061052,
            -20.1255424
          ],
          [
            -44.1062184,
            -20.1258523
          ],
          [
            -44.1064,
            -20.1262427
          ]
        ]
      },
      "id": "way/858492868"
    },
    {
      "type": "Feature",
      "properties": {
        "@id": "way/858492869",
        "highway": "track"
      },
      "geometry": {
        "type": "LineString",
        "coordinates": [
          [
            -44.1070466,
            -20.1192536
          ],
          [
            -44.1071945,
            -20.1192143
          ],
          [
            -44.1077101,
            -20.119052
          ],
          [
            -44.1078903,
            -20.1188935
          ],
          [
            -44.1079601,
            -20.1187837
          ],
          [
            -44.1079926,
            -20.1187227
          ],
          [
            -44.1080396,
            -20.1185779
          ],
          [
            -44.1080607,
            -20.1185238
          ],
          [
            -44.1080794,
            -20.118494
          ],
          [
            -44.1081159,
            -20.118459
          ],
          [
            -44.1082588,
            -20.1183721
          ],
          [
            -44.1085088,
            -20.1182288
          ],
          [
            -44.1087036,
            -20.118145
          ],
          [
            -44.108978,
            -20.1180962
          ],
          [
            -44.1091172,
            -20.1180992
          ],
          [
            -44.1092326,
            -20.1181324
          ]
        ]
      },
      "id": "way/858492869"
    },
    {
      "type": "Feature",
      "properties": {
        "@id": "way/858495409",
        "highway": "service"
      },
      "geometry": {
        "type": "LineString",
        "coordinates": [
          [
            -44.1242298,
            -20.1235276
          ],
          [
            -44.1241404,
            -20.1223637
          ]
        ]
      },
      "id": "way/858495409"
    },
    {
      "type": "Feature",
      "properties": {
        "@id": "way/858495410",
        "highway": "track"
      },
      "geometry": {
        "type": "LineString",
        "coordinates": [
          [
            -44.122456,
            -20.1180325
          ],
          [
            -44.1225019,
            -20.1180814
          ],
          [
            -44.1225824,
            -20.1181721
          ],
          [
            -44.1226249,
            -20.118205
          ],
          [
            -44.1226816,
            -20.1182251
          ],
          [
            -44.1227616,
            -20.1182213
          ],
          [
            -44.122807,
            -20.1181825
          ],
          [
            -44.122793,
            -20.1181136
          ],
          [
            -44.122746,
            -20.1179933
          ],
          [
            -44.1227616,
            -20.1178907
          ],
          [
            -44.1227943,
            -20.1177439
          ],
          [
            -44.1230142,
            -20.1172251
          ]
        ]
      },
      "id": "way/858495410"
    },
    {
      "type": "Feature",
      "properties": {
        "@id": "way/858495411",
        "highway": "service"
      },
      "geometry": {
        "type": "LineString",
        "coordinates": [
          [
            -44.0993577,
            -20.1284678
          ],
          [
            -44.0995944,
            -20.1283896
          ],
          [
            -44.0997571,
            -20.1283608
          ],
          [
            -44.1001639,
            -20.1283157
          ],
          [
            -44.1005285,
            -20.1282327
          ]
        ]
      },
      "id": "way/858495411"
    },
    {
      "type": "Feature",
      "properties": {
        "@id": "way/858522566",
        "highway": "service",
        "oneway": "yes",
        "surface": "unpaved"
      },
      "geometry": {
        "type": "LineString",
        "coordinates": [
          [
            -44.101227,
            -20.1248022
          ],
          [
            -44.1011969,
            -20.1247602
          ],
          [
            -44.1011736,
            -20.1246957
          ],
          [
            -44.1011576,
            -20.1246331
          ],
          [
            -44.1011583,
            -20.1245655
          ]
        ]
      },
      "id": "way/858522566"
    },
    {
      "type": "Feature",
      "properties": {
        "@id": "way/858522567",
        "highway": "service",
        "oneway": "yes"
      },
      "geometry": {
        "type": "LineString",
        "coordinates": [
          [
            -44.1011583,
            -20.1245655
          ],
          [
            -44.1013688,
            -20.1247798
          ]
        ]
      },
      "id": "way/858522567"
    },
    {
      "type": "Feature",
      "properties": {
        "@id": "way/858522568",
        "highway": "service",
        "oneway": "yes"
      },
      "geometry": {
        "type": "LineString",
        "coordinates": [
          [
            -44.1012951,
            -20.124997
          ],
          [
            -44.101278,
            -20.1249521
          ],
          [
            -44.1012723,
            -20.1249305
          ],
          [
            -44.1012643,
            -20.1249033
          ],
          [
            -44.1012563,
            -20.1248754
          ],
          [
            -44.1012463,
            -20.1248457
          ],
          [
            -44.101227,
            -20.1248022
          ]
        ]
      },
      "id": "way/858522568"
    },
    {
      "type": "Feature",
      "properties": {
        "@id": "way/858522569",
        "highway": "unclassified",
        "oneway": "yes"
      },
      "geometry": {
        "type": "LineString",
        "coordinates": [
          [
            -44.1013944,
            -20.1250182
          ],
          [
            -44.1012951,
            -20.124997
          ]
        ]
      },
      "id": "way/858522569"
    },
    {
      "type": "Feature",
      "properties": {
        "@id": "way/858522570",
        "highway": "unclassified",
        "oneway": "yes"
      },
      "geometry": {
        "type": "LineString",
        "coordinates": [
          [
            -44.1015109,
            -20.1248397
          ],
          [
            -44.1015101,
            -20.1248742
          ],
          [
            -44.1015047,
            -20.1248939
          ],
          [
            -44.1014969,
            -20.12492
          ],
          [
            -44.1014829,
            -20.1249484
          ],
          [
            -44.101468,
            -20.1249697
          ],
          [
            -44.1014494,
            -20.1249847
          ],
          [
            -44.101429,
            -20.1250016
          ],
          [
            -44.1013944,
            -20.1250182
          ]
        ]
      },
      "id": "way/858522570"
    },
    {
      "type": "Feature",
      "properties": {
        "@id": "way/874578928",
        "highway": "service"
      },
      "geometry": {
        "type": "LineString",
        "coordinates": [
          [
            -44.1266032,
            -20.121153
          ],
          [
            -44.126384,
            -20.1212937
          ],
          [
            -44.1260482,
            -20.1213927
          ],
          [
            -44.1257504,
            -20.1214379
          ],
          [
            -44.1256154,
            -20.1214066
          ],
          [
            -44.1250826,
            -20.121193
          ],
          [
            -44.1247589,
            -20.121107
          ],
          [
            -44.124672,
            -20.1210592
          ],
          [
            -44.1245739,
            -20.1209706
          ],
          [
            -44.1243769,
            -20.1207857
          ],
          [
            -44.1243029,
            -20.1207509
          ],
          [
            -44.1242336,
            -20.1207527
          ],
          [
            -44.1241605,
            -20.1208074
          ],
          [
            -44.1241198,
            -20.1208812
          ],
          [
            -44.1240981,
            -20.1210445
          ],
          [
            -44.1241635,
            -20.1212506
          ]
        ]
      },
      "id": "way/874578928"
    },
    {
      "type": "Feature",
      "properties": {
        "@id": "way/874578929",
        "alt_name": "CFJ e JGD Um",
        "highway": "service",
        "name": "CFJ e JGD1",
        "surface": "unpaved"
      },
      "geometry": {
        "type": "LineString",
        "coordinates": [
          [
            -44.123797,
            -20.1214626
          ],
          [
            -44.1238802,
            -20.1214457
          ],
          [
            -44.1240338,
            -20.1213667
          ],
          [
            -44.1241635,
            -20.1212506
          ],
          [
            -44.1241795,
            -20.1212377
          ],
          [
            -44.1242178,
            -20.121232
          ],
          [
            -44.1243177,
            -20.1212459
          ],
          [
            -44.1244287,
            -20.1212824
          ],
          [
            -44.1246664,
            -20.1214813
          ],
          [
            -44.1248273,
            -20.1216585
          ],
          [
            -44.1249513,
            -20.1217887
          ],
          [
            -44.1250456,
            -20.1218565
          ],
          [
            -44.1251788,
            -20.1219572
          ],
          [
            -44.1253035,
            -20.1220153
          ],
          [
            -44.1255793,
            -20.1221727
          ]
        ]
      },
      "id": "way/874578929"
    },
    {
      "type": "Feature",
      "properties": {
        "@id": "way/874635543",
        "highway": "service"
      },
      "geometry": {
        "type": "LineString",
        "coordinates": [
          [
            -44.1434496,
            -20.135204
          ],
          [
            -44.143127,
            -20.1355743
          ],
          [
            -44.1428485,
            -20.135771
          ],
          [
            -44.1426761,
            -20.1358295
          ],
          [
            -44.1424693,
            -20.1358318
          ],
          [
            -44.1422796,
            -20.1358648
          ],
          [
            -44.1421667,
            -20.1359404
          ],
          [
            -44.142115,
            -20.1360717
          ],
          [
            -44.1419694,
            -20.1365124
          ]
        ]
      },
      "id": "way/874635543"
    },
    {
      "type": "Feature",
      "properties": {
        "@id": "way/874635544",
        "highway": "service"
      },
      "geometry": {
        "type": "LineString",
        "coordinates": [
          [
            -44.1274554,
            -20.1382747
          ],
          [
            -44.1273474,
            -20.1382579
          ],
          [
            -44.1272631,
            -20.1382451
          ],
          [
            -44.1271687,
            -20.1382036
          ],
          [
            -44.127126,
            -20.138158
          ]
        ]
      },
      "id": "way/874635544"
    },
    {
      "type": "Feature",
      "properties": {
        "@id": "way/874635545",
        "highway": "service"
      },
      "geometry": {
        "type": "LineString",
        "coordinates": [
          [
            -44.1263965,
            -20.1392787
          ],
          [
            -44.12635,
            -20.1397585
          ],
          [
            -44.1263699,
            -20.1399564
          ]
        ]
      },
      "id": "way/874635545"
    },
    {
      "type": "Feature",
      "properties": {
        "@id": "way/874635546",
        "highway": "track"
      },
      "geometry": {
        "type": "LineString",
        "coordinates": [
          [
            -44.1268405,
            -20.1372288
          ],
          [
            -44.1266913,
            -20.1360492
          ]
        ]
      },
      "id": "way/874635546"
    },
    {
      "type": "Feature",
      "properties": {
        "@id": "way/874635547",
        "highway": "service"
      },
      "geometry": {
        "type": "LineString",
        "coordinates": [
          [
            -44.1365383,
            -20.1331904
          ],
          [
            -44.1366812,
            -20.1330657
          ],
          [
            -44.136785,
            -20.1330098
          ],
          [
            -44.1369714,
            -20.1329507
          ],
          [
            -44.1371092,
            -20.1328979
          ]
        ]
      },
      "id": "way/874635547"
    },
    {
      "type": "Feature",
      "properties": {
        "@id": "way/874635548",
        "highway": "service"
      },
      "geometry": {
        "type": "LineString",
        "coordinates": [
          [
            -44.1394179,
            -20.1373335
          ],
          [
            -44.1396552,
            -20.13757
          ],
          [
            -44.1399836,
            -20.1377506
          ],
          [
            -44.1399309,
            -20.1379918
          ],
          [
            -44.1398511,
            -20.1383821
          ]
        ]
      },
      "id": "way/874635548"
    },
    {
      "type": "Feature",
      "properties": {
        "@id": "way/1238609138",
        "highway": "residential",
        "name": "Alameda dos Pinheiros",
        "surface": "unpaved"
      },
      "geometry": {
        "type": "LineString",
        "coordinates": [
          [
            -44.1225718,
            -20.1349824
          ],
          [
            -44.1219832,
            -20.1351922
          ]
        ]
      },
      "id": "way/1238609138"
    },
    {
      "type": "Feature",
      "properties": {
        "@id": "way/1238609139",
        "highway": "service",
        "service": "parking_aisle"
      },
      "geometry": {
        "type": "LineString",
        "coordinates": [
          [
            -44.1223651,
            -20.1357645
          ],
          [
            -44.1227192,
            -20.1356146
          ]
        ]
      },
      "id": "way/1238609139"
    },
    {
      "type": "Feature",
      "properties": {
        "@id": "way/1238609140",
        "highway": "service",
        "oneway": "yes"
      },
      "geometry": {
        "type": "LineString",
        "coordinates": [
          [
            -44.1219832,
            -20.1351922
          ],
          [
            -44.1222337,
            -20.1356851
          ],
          [
            -44.1223061,
            -20.1357305
          ],
          [
            -44.1223651,
            -20.1357645
          ],
          [
            -44.1226628,
            -20.1364104
          ],
          [
            -44.1226923,
            -20.1364343
          ],
          [
            -44.1227192,
            -20.1364381
          ],
          [
            -44.122754,
            -20.1364331
          ],
          [
            -44.1231665,
            -20.1362497
          ]
        ]
      },
      "id": "way/1238609140"
    },
    {
      "type": "Feature",
      "properties": {
        "@id": "way/1283507305",
        "highway": "service"
      },
      "geometry": {
        "type": "LineString",
        "coordinates": [
          [
            -44.1190875,
            -20.1374227
          ],
          [
            -44.1193664,
            -20.1378357
          ],
          [
            -44.1193128,
            -20.1383041
          ],
          [
            -44.1190177,
            -20.1387423
          ],
          [
            -44.1186583,
            -20.1389337
          ],
          [
            -44.1183955,
            -20.1392409
          ],
          [
            -44.1181862,
            -20.1396438
          ],
          [
            -44.118095,
            -20.1398956
          ],
          [
            -44.1177061,
            -20.1403011
          ],
          [
            -44.1175532,
            -20.1404093
          ],
          [
            -44.1173051,
            -20.1406851
          ],
          [
            -44.1172327,
            -20.1409205
          ],
          [
            -44.1171978,
            -20.1411509
          ],
          [
            -44.1169712,
            -20.1415413
          ],
          [
            -44.1168264,
            -20.1417591
          ],
          [
            -44.1167606,
            -20.1418271
          ],
          [
            -44.1165689,
            -20.1419228
          ],
          [
            -44.1163865,
            -20.1419542
          ],
          [
            -44.1161706,
            -20.1420147
          ],
          [
            -44.116082,
            -20.1420839
          ],
          [
            -44.1160123,
            -20.1421922
          ],
          [
            -44.11596,
            -20.1423143
          ],
          [
            -44.1159426,
            -20.1424868
          ],
          [
            -44.1159976,
            -20.1426367
          ],
          [
            -44.1161987,
            -20.1428054
          ],
          [
            -44.1163489,
            -20.1429074
          ],
          [
            -44.1164307,
            -20.143027
          ],
          [
            -44.116471,
            -20.1431302
          ],
          [
            -44.1164495,
            -20.1432813
          ],
          [
            -44.1163757,
            -20.143518
          ],
          [
            -44.1162594,
            -20.1437465
          ]
        ]
      },
      "id": "way/1283507305"
    },
    {
      "type": "Feature",
      "properties": {
        "@id": "way/1283507306",
        "highway": "service"
      },
      "geometry": {
        "type": "LineString",
        "coordinates": [
          [
            -44.1194898,
            -20.1372464
          ],
          [
            -44.1192752,
            -20.1373018
          ],
          [
            -44.1190875,
            -20.1374227
          ],
          [
            -44.1183311,
            -20.1370148
          ],
          [
            -44.1174138,
            -20.1365363
          ],
          [
            -44.116357,
            -20.1362492
          ],
          [
            -44.1161263,
            -20.1361913
          ]
        ]
      },
      "id": "way/1283507306"
    },
    {
      "type": "Feature",
      "properties": {
        "@id": "way/1283507307",
        "highway": "service"
      },
      "geometry": {
        "type": "LineString",
        "coordinates": [
          [
            -44.1159583,
            -20.135672
          ],
          [
            -44.1164804,
            -20.1357153
          ],
          [
            -44.1170061,
            -20.1356348
          ],
          [
            -44.117285,
            -20.1356146
          ],
          [
            -44.1176766,
            -20.1356045
          ],
          [
            -44.118256,
            -20.1358261
          ],
          [
            -44.1186905,
            -20.1361787
          ],
          [
            -44.1191036,
            -20.136768
          ],
          [
            -44.1194898,
            -20.1372464
          ],
          [
            -44.119876,
            -20.1379062
          ],
          [
            -44.1201603,
            -20.1382386
          ],
          [
            -44.1204661,
            -20.1385559
          ],
          [
            -44.1209167,
            -20.1389337
          ],
          [
            -44.1215926,
            -20.1392207
          ],
          [
            -44.121775,
            -20.1395431
          ]
        ]
      },
      "id": "way/1283507307"
    },
    {
      "type": "Feature",
      "properties": {
        "@id": "way/1283507310",
        "highway": "service"
      },
      "geometry": {
        "type": "LineString",
        "coordinates": [
          [
            -44.1213156,
            -20.1330275
          ],
          [
            -44.121134,
            -20.1326329
          ],
          [
            -44.1211259,
            -20.1322048
          ],
          [
            -44.1211769,
            -20.1317541
          ],
          [
            -44.1213083,
            -20.1314342
          ],
          [
            -44.1216892,
            -20.1310363
          ],
          [
            -44.1221442,
            -20.1307581
          ]
        ]
      },
      "id": "way/1283507310"
    },
    {
      "type": "Feature",
      "properties": {
        "@id": "way/1283507311",
        "highway": "service"
      },
      "geometry": {
        "type": "LineString",
        "coordinates": [
          [
            -44.1189332,
            -20.1327022
          ],
          [
            -44.1190955,
            -20.1323635
          ],
          [
            -44.1194066,
            -20.1319681
          ],
          [
            -44.119648,
            -20.1314796
          ],
          [
            -44.1198412,
            -20.1308223
          ],
          [
            -44.1198465,
            -20.1301902
          ],
          [
            -44.1198037,
            -20.1299843
          ],
          [
            -44.1197526,
            -20.1297394
          ],
          [
            -44.1195971,
            -20.1289965
          ],
          [
            -44.1193691,
            -20.1284021
          ],
          [
            -44.11918,
            -20.1279545
          ],
          [
            -44.1188595,
            -20.1277171
          ],
          [
            -44.1187307,
            -20.1275811
          ],
          [
            -44.1187602,
            -20.1274325
          ],
          [
            -44.1188943,
            -20.1273318
          ],
          [
            -44.119243,
            -20.1270724
          ],
          [
            -44.119739,
            -20.1266186
          ],
          [
            -44.1200745,
            -20.1262237
          ],
          [
            -44.1202945,
            -20.1260348
          ],
          [
            -44.1209087,
            -20.1259769
          ],
          [
            -44.1210938,
            -20.1256167
          ],
          [
            -44.1215497,
            -20.1249267
          ],
          [
            -44.1217268,
            -20.124418
          ],
          [
            -44.1219671,
            -20.1240904
          ],
          [
            -44.1224563,
            -20.1238438
          ],
          [
            -44.1225958,
            -20.1233149
          ],
          [
            -44.1223866,
            -20.1230026
          ],
          [
            -44.121303,
            -20.1225039
          ],
          [
            -44.1205359,
            -20.1221765
          ],
          [
            -44.1194683,
            -20.1220456
          ],
          [
            -44.1189802,
            -20.121975
          ],
          [
            -44.118433,
            -20.1218642
          ],
          [
            -44.1180468,
            -20.1219096
          ],
          [
            -44.1177839,
            -20.1219448
          ]
        ]
      },
      "id": "way/1283507311"
    },
    {
      "type": "Feature",
      "properties": {
        "@id": "way/1283507312",
        "highway": "service"
      },
      "geometry": {
        "type": "LineString",
        "coordinates": [
          [
            -44.1210136,
            -20.1331924
          ],
          [
            -44.1205975,
            -20.1334187
          ],
          [
            -44.1205144,
            -20.1334944
          ]
        ]
      },
      "id": "way/1283507312"
    },
    {
      "type": "Feature",
      "properties": {
        "@id": "way/1283507313",
        "highway": "service"
      },
      "geometry": {
        "type": "LineString",
        "coordinates": [
          [
            -44.1219692,
            -20.1327667
          ],
          [
            -44.1216275,
            -20.1328571
          ],
          [
            -44.1213156,
            -20.1330275
          ],
          [
            -44.1210136,
            -20.1331924
          ],
          [
            -44.1209409,
            -20.1332978
          ],
          [
            -44.1208144,
            -20.1334791
          ]
        ]
      },
      "id": "way/1283507313"
    },
    {
      "type": "Feature",
      "properties": {
        "@id": "way/1283507314",
        "highway": "tertiary",
        "note:pt": "De terra em boa extensão, com alguns trechos de asfalto, bastante larga e com movimentação constante de caminhões, daí sua classificação como tertiary",
        "oneway": "no",
        "ref": "BMO-202",
        "surface": "ground"
      },
      "geometry": {
        "type": "LineString",
        "coordinates": [
          [
            -44.1183056,
            -20.1327771
          ],
          [
            -44.1179465,
            -20.1327448
          ]
        ]
      },
      "id": "way/1283507314"
    },
    {
      "type": "Feature",
      "properties": {
        "@id": "way/1283507315",
        "highway": "tertiary",
        "note:pt": "De terra em boa extensão, com alguns trechos de asfalto, bastante larga e com movimentação constante de caminhões, daí sua classificação como tertiary",
        "oneway": "yes",
        "ref": "BMO-202",
        "surface": "ground"
      },
      "geometry": {
        "type": "LineString",
        "coordinates": [
          [
            -44.1189229,
            -20.1327964
          ],
          [
            -44.1183988,
            -20.1328174
          ],
          [
            -44.1183056,
            -20.1327771
          ]
        ]
      },
      "id": "way/1283507315"
    },
    {
      "type": "Feature",
      "properties": {
        "@id": "way/1283507316",
        "highway": "tertiary",
        "ref": "BMO-202"
      },
      "geometry": {
        "type": "LineString",
        "coordinates": [
          [
            -44.1189229,
            -20.1327964
          ],
          [
            -44.1189332,
            -20.1327022
          ]
        ]
      },
      "id": "way/1283507316"
    },
    {
      "type": "Feature",
      "properties": {
        "@id": "way/1283507317",
        "highway": "tertiary",
        "oneway": "yes",
        "ref": "BMO-202"
      },
      "geometry": {
        "type": "LineString",
        "coordinates": [
          [
            -44.1183056,
            -20.1327771
          ],
          [
            -44.1184196,
            -20.132728
          ],
          [
            -44.1189332,
            -20.1327022
          ]
        ]
      },
      "id": "way/1283507317"
    },
    {
      "type": "Feature",
      "properties": {
        "@id": "way/1341030248",
        "highway": "tertiary",
        "oneway": "yes",
        "surface": "asphalt"
      },
      "geometry": {
        "type": "LineString",
        "coordinates": [
          [
            -44.1061056,
            -20.1356297
          ],
          [
            -44.1065159,
            -20.1357934
          ],
          [
            -44.1066125,
            -20.1358413
          ],
          [
            -44.1070256,
            -20.1361057
          ],
          [
            -44.107208,
            -20.1362442
          ],
          [
            -44.1074172,
            -20.1364255
          ],
          [
            -44.1075256,
            -20.1365692
          ],
          [
            -44.1077061,
            -20.1367619
          ],
          [
            -44.1079389,
            -20.1370878
          ],
          [
            -44.1081347,
            -20.1374089
          ],
          [
            -44.1082759,
            -20.1377555
          ]
        ]
      },
      "id": "way/1341030248"
    },
    {
      "type": "Feature",
      "properties": {
        "@id": "way/1349687899",
        "highway": "tertiary_link",
        "oneway": "yes",
        "surface": "asphalt"
      },
      "geometry": {
        "type": "LineString",
        "coordinates": [
          [
            -44.1070256,
            -20.1361057
          ],
          [
            -44.1072348,
            -20.1361372
          ]
        ]
      },
      "id": "way/1349687899"
    },
    {
      "type": "Feature",
      "properties": {
        "@id": "way/1349687900",
        "highway": "tertiary",
        "oneway": "yes",
        "surface": "asphalt"
      },
      "geometry": {
        "type": "LineString",
        "coordinates": [
          [
            -44.1072294,
            -20.1363965
          ],
          [
            -44.1072039,
            -20.136316
          ],
          [
            -44.107208,
            -20.1362442
          ],
          [
            -44.1072348,
            -20.1361372
          ],
          [
            -44.1074091,
            -20.1360616
          ]
        ]
      },
      "id": "way/1349687900"
    },
    {
      "type": "Feature",
      "properties": {
        "@id": "way/1349687901",
        "highway": "tertiary",
        "oneway": "yes",
        "surface": "asphalt"
      },
      "geometry": {
        "type": "LineString",
        "coordinates": [
          [
            -44.1042361,
            -20.1344952
          ],
          [
            -44.1043071,
            -20.1346262
          ],
          [
            -44.1044278,
            -20.1347748
          ],
          [
            -44.1044993,
            -20.1348487
          ],
          [
            -44.1045801,
            -20.1349126
          ],
          [
            -44.1047262,
            -20.1349863
          ],
          [
            -44.1048439,
            -20.1350412
          ],
          [
            -44.1061056,
            -20.1356297
          ]
        ]
      },
      "id": "way/1349687901"
    },
    {
      "type": "Feature",
      "properties": {
        "@id": "way/1349687902",
        "highway": "tertiary",
        "oneway": "yes",
        "surface": "asphalt"
      },
      "geometry": {
        "type": "LineString",
        "coordinates": [
          [
            -44.1042361,
            -20.1344952
          ],
          [
            -44.104149,
            -20.134407
          ]
        ]
      },
      "id": "way/1349687902"
    },
    {
      "type": "Feature",
      "properties": {
        "@id": "way/1349687903",
        "highway": "tertiary",
        "oneway": "yes",
        "surface": "asphalt"
      },
      "geometry": {
        "type": "LineString",
        "coordinates": [
          [
            -44.1042493,
            -20.1343892
          ],
          [
            -44.1042361,
            -20.1344952
          ]
        ]
      },
      "id": "way/1349687903"
    },
    {
      "type": "Feature",
      "properties": {
        "@id": "way/1349687904",
        "highway": "tertiary",
        "oneway": "yes",
        "surface": "asphalt"
      },
      "geometry": {
        "type": "LineString",
        "coordinates": [
          [
            -44.1041075,
            -20.1342008
          ],
          [
            -44.1041315,
            -20.1341502
          ],
          [
            -44.1041543,
            -20.1339236
          ],
          [
            -44.1041706,
            -20.1338225
          ]
        ]
      },
      "id": "way/1349687904"
    },
    {
      "type": "Feature",
      "properties": {
        "@id": "way/1349687905",
        "highway": "tertiary",
        "oneway": "yes",
        "surface": "asphalt"
      },
      "geometry": {
        "type": "LineString",
        "coordinates": [
          [
            -44.1040577,
            -20.1343164
          ],
          [
            -44.1040562,
            -20.1342836
          ],
          [
            -44.1040645,
            -20.1342518
          ],
          [
            -44.1040821,
            -20.1342234
          ],
          [
            -44.1041075,
            -20.1342008
          ],
          [
            -44.1041387,
            -20.1341859
          ],
          [
            -44.104173,
            -20.1341798
          ],
          [
            -44.1042078,
            -20.1341831
          ],
          [
            -44.1042402,
            -20.1341954
          ],
          [
            -44.1042676,
            -20.1342158
          ],
          [
            -44.1042878,
            -20.1342426
          ],
          [
            -44.1042991,
            -20.1342736
          ],
          [
            -44.1043006,
            -20.1343064
          ],
          [
            -44.1042923,
            -20.1343383
          ],
          [
            -44.1042747,
            -20.1343667
          ],
          [
            -44.1042493,
            -20.1343892
          ],
          [
            -44.1042181,
            -20.1344042
          ],
          [
            -44.1041838,
            -20.1344103
          ],
          [
            -44.104149,
            -20.134407
          ],
          [
            -44.1041166,
            -20.1343947
          ],
          [
            -44.1040892,
            -20.1343743
          ],
          [
            -44.104069,
            -20.1343475
          ],
          [
            -44.1040577,
            -20.1343164
          ]
        ]
      },
      "id": "way/1349687905"
    },
    {
      "type": "Feature",
      "properties": {
        "@id": "way/1349687906",
        "highway": "tertiary",
        "oneway": "yes",
        "surface": "asphalt"
      },
      "geometry": {
        "type": "LineString",
        "coordinates": [
          [
            -44.1042699,
            -20.133884
          ],
          [
            -44.1042414,
            -20.1339337
          ],
          [
            -44.1042227,
            -20.1340029
          ],
          [
            -44.104216,
            -20.1340835
          ],
          [
            -44.104216,
            -20.1341477
          ],
          [
            -44.1042402,
            -20.1341954
          ]
        ]
      },
      "id": "way/1349687906"
    },
    {
      "type": "Feature",
      "properties": {
        "@id": "way/1349687907",
        "highway": "tertiary",
        "oneway": "yes",
        "ref": "BMO-305",
        "surface": "asphalt"
      },
      "geometry": {
        "type": "LineString",
        "coordinates": [
          [
            -44.1041165,
            -20.133587
          ],
          [
            -44.104232,
            -20.1336252
          ],
          [
            -44.1043319,
            -20.1336944
          ]
        ]
      },
      "id": "way/1349687907"
    },
    {
      "type": "Feature",
      "properties": {
        "@id": "way/1349687908",
        "highway": "tertiary",
        "oneway": "yes",
        "ref": "BMO-305",
        "surface": "asphalt"
      },
      "geometry": {
        "type": "LineString",
        "coordinates": [
          [
            -44.1041717,
            -20.1337366
          ],
          [
            -44.1041489,
            -20.1336554
          ],
          [
            -44.1041165,
            -20.133587
          ]
        ]
      },
      "id": "way/1349687908"
    },
    {
      "type": "Feature",
      "properties": {
        "@id": "way/1349687909",
        "highway": "tertiary",
        "oneway": "yes",
        "ref": "BMO-305",
        "surface": "asphalt"
      },
      "geometry": {
        "type": "LineString",
        "coordinates": [
          [
            -44.1045523,
            -20.1338094
          ],
          [
            -44.1044815,
            -20.1338166
          ],
          [
            -44.1044278,
            -20.1338216
          ],
          [
            -44.1043536,
            -20.1338493
          ]
        ]
      },
      "id": "way/1349687909"
    },
    {
      "type": "Feature",
      "properties": {
        "@id": "way/1349687910",
        "highway": "tertiary",
        "oneway": "yes",
        "ref": "BMO-305",
        "surface": "asphalt"
      },
      "geometry": {
        "type": "LineString",
        "coordinates": [
          [
            -44.1043553,
            -20.1337139
          ],
          [
            -44.1044118,
            -20.1337246
          ],
          [
            -44.1044976,
            -20.1337662
          ],
          [
            -44.1045523,
            -20.1338094
          ]
        ]
      },
      "id": "way/1349687910"
    },
    {
      "type": "Feature",
      "properties": {
        "@id": "way/1349687911",
        "highway": "tertiary",
        "note:pt": "De terra em boa extensão, com alguns trechos de asfalto, bastante larga e com movimentação constante de caminhões, daí sua classificação como tertiary",
        "oneway": "no",
        "ref": "BMO-305",
        "smoothness": "intermediate",
        "source": "GPS",
        "surface": "asphalt"
      },
      "geometry": {
        "type": "LineString",
        "coordinates": [
          [
            -44.1050847,
            -20.1340323
          ],
          [
            -44.1050414,
            -20.1340294
          ],
          [
            -44.1049958,
            -20.1340166
          ],
          [
            -44.1049287,
            -20.1339899
          ],
          [
            -44.104758,
            -20.1339308
          ],
          [
            -44.1045523,
            -20.1338094
          ]
        ]
      },
      "id": "way/1349687911"
    },
    {
      "type": "Feature",
      "properties": {
        "@id": "way/1349687912",
        "highway": "tertiary",
        "oneway": "yes",
        "surface": "asphalt"
      },
      "geometry": {
        "type": "LineString",
        "coordinates": [
          [
            -44.1043708,
            -20.1338247
          ],
          [
            -44.1043536,
            -20.1338493
          ],
          [
            -44.1043297,
            -20.1338683
          ],
          [
            -44.104301,
            -20.1338802
          ],
          [
            -44.1042699,
            -20.133884
          ],
          [
            -44.104239,
            -20.1338795
          ],
          [
            -44.1042106,
            -20.1338669
          ],
          [
            -44.1041872,
            -20.1338474
          ],
          [
            -44.1041706,
            -20.1338225
          ],
          [
            -44.1041621,
            -20.1337941
          ],
          [
            -44.1041625,
            -20.1337647
          ],
          [
            -44.1041717,
            -20.1337366
          ],
          [
            -44.104189,
            -20.133712
          ],
          [
            -44.1042129,
            -20.1336931
          ],
          [
            -44.1042415,
            -20.1336812
          ],
          [
            -44.1042726,
            -20.1336773
          ],
          [
            -44.1043036,
            -20.1336819
          ],
          [
            -44.1043319,
            -20.1336944
          ],
          [
            -44.1043553,
            -20.1337139
          ],
          [
            -44.104372,
            -20.1337389
          ],
          [
            -44.1043804,
            -20.1337672
          ],
          [
            -44.10438,
            -20.1337966
          ],
          [
            -44.1043708,
            -20.1338247
          ]
        ]
      },
      "id": "way/1349687912"
    },
    {
      "type": "Feature",
      "properties": {
        "@id": "way/1349687913",
        "highway": "tertiary",
        "oneway": "yes",
        "surface": "asphalt"
      },
      "geometry": {
        "type": "LineString",
        "coordinates": [
          [
            -44.1082759,
            -20.1377555
          ],
          [
            -44.108073,
            -20.1374479
          ],
          [
            -44.1079335,
            -20.1372062
          ],
          [
            -44.1076425,
            -20.1368272
          ],
          [
            -44.1074896,
            -20.1366471
          ],
          [
            -44.1072294,
            -20.1363965
          ],
          [
            -44.1068083,
            -20.1360326
          ],
          [
            -44.1066501,
            -20.1359445
          ],
          [
            -44.1065133,
            -20.1358589
          ],
          [
            -44.1061056,
            -20.1356297
          ]
        ]
      },
      "id": "way/1349687913"
    },
    {
      "type": "Feature",
      "properties": {
        "@id": "way/1349687914",
        "highway": "tertiary",
        "oneway": "yes",
        "surface": "asphalt"
      },
      "geometry": {
        "type": "LineString",
        "coordinates": [
          [
            -44.1074091,
            -20.1360616
          ],
          [
            -44.1073823,
            -20.1361359
          ],
          [
            -44.1073734,
            -20.136197
          ],
          [
            -44.1073729,
            -20.1363008
          ],
          [
            -44.1074172,
            -20.1364255
          ]
        ]
      },
      "id": "way/1349687914"
    },
    {
      "type": "Feature",
      "properties": {
        "@id": "way/1349687915",
        "highway": "tertiary",
        "surface": "asphalt"
      },
      "geometry": {
        "type": "LineString",
        "coordinates": [
          [
            -44.1075992,
            -20.1358495
          ],
          [
            -44.1074091,
            -20.1360616
          ]
        ]
      },
      "id": "way/1349687915"
    },
    {
      "type": "Feature",
      "properties": {
        "@id": "way/1361305879",
        "highway": "service"
      },
      "geometry": {
        "type": "LineString",
        "coordinates": [
          [
            -44.1234767,
            -20.1345946
          ],
          [
            -44.1234196,
            -20.1346117
          ],
          [
            -44.1233758,
            -20.1346559
          ],
          [
            -44.123375,
            -20.1347196
          ],
          [
            -44.123488,
            -20.1350159
          ]
        ]
      },
      "id": "way/1361305879"
    },
    {
      "type": "Feature",
      "properties": {
        "@id": "way/1361305880",
        "highway": "service"
      },
      "geometry": {
        "type": "LineString",
        "coordinates": [
          [
            -44.1232228,
            -20.1351546
          ],
          [
            -44.1234081,
            -20.1351577
          ],
          [
            -44.1234445,
            -20.1351476
          ],
          [
            -44.1234589,
            -20.135134
          ],
          [
            -44.1235092,
            -20.1350925
          ],
          [
            -44.123488,
            -20.1350159
          ]
        ]
      },
      "id": "way/1361305880"
    },
    {
      "type": "Feature",
      "properties": {
        "@id": "way/1361305881",
        "highway": "service"
      },
      "geometry": {
        "type": "LineString",
        "coordinates": [
          [
            -44.1228116,
            -20.1334179
          ],
          [
            -44.1225699,
            -20.1328731
          ]
        ]
      },
      "id": "way/1361305881"
    },
    {
      "type": "Feature",
      "properties": {
        "@id": "way/1361305882",
        "highway": "service"
      },
      "geometry": {
        "type": "LineString",
        "coordinates": [
          [
            -44.1226255,
            -20.1336346
          ],
          [
            -44.1222172,
            -20.1337978
          ]
        ]
      },
      "id": "way/1361305882"
    },
    {
      "type": "Feature",
      "properties": {
        "@id": "way/1361305883",
        "highway": "service"
      },
      "geometry": {
        "type": "LineString",
        "coordinates": [
          [
            -44.1235092,
            -20.1350925
          ],
          [
            -44.1235661,
            -20.1353829
          ],
          [
            -44.1235537,
            -20.1354528
          ],
          [
            -44.1235239,
            -20.1355235
          ],
          [
            -44.1234544,
            -20.1355755
          ],
          [
            -44.1233866,
            -20.1355841
          ],
          [
            -44.1232889,
            -20.1355693
          ],
          [
            -44.1231913,
            -20.135473
          ],
          [
            -44.1230499,
            -20.1351786
          ],
          [
            -44.1230089,
            -20.135098
          ]
        ]
      },
      "id": "way/1361305883"
    },
    {
      "type": "Feature",
      "properties": {
        "@id": "way/1361305884",
        "highway": "service"
      },
      "geometry": {
        "type": "LineString",
        "coordinates": [
          [
            -44.1235092,
            -20.1350925
          ],
          [
            -44.1235322,
            -20.1350645
          ],
          [
            -44.1235357,
            -20.1350397
          ],
          [
            -44.1235264,
            -20.1348951
          ],
          [
            -44.1235073,
            -20.1346225
          ],
          [
            -44.1235007,
            -20.1346023
          ],
          [
            -44.1234767,
            -20.1345946
          ]
        ]
      },
      "id": "way/1361305884"
    },
    {
      "type": "Feature",
      "properties": {
        "@id": "way/1361305885",
        "highway": "service"
      },
      "geometry": {
        "type": "LineString",
        "coordinates": [
          [
            -44.1225718,
            -20.1349824
          ],
          [
            -44.1230089,
            -20.135098
          ],
          [
            -44.1232228,
            -20.1351546
          ],
          [
            -44.1229713,
            -20.1347212
          ],
          [
            -44.1229365,
            -20.1346948
          ],
          [
            -44.1228902,
            -20.1346963
          ],
          [
            -44.1228512,
            -20.1347161
          ],
          [
            -44.1227312,
            -20.1348209
          ],
          [
            -44.1227006,
            -20.1348465
          ],
          [
            -44.1226568,
            -20.1348628
          ],
          [
            -44.1225274,
            -20.1349024
          ]
        ]
      },
      "id": "way/1361305885"
    },
    {
      "type": "Feature",
      "properties": {
        "@id": "way/1361305886",
        "highway": "service"
      },
      "geometry": {
        "type": "LineString",
        "coordinates": [
          [
            -44.122514,
            -20.134528
          ],
          [
            -44.122664,
            -20.1344167
          ],
          [
            -44.1226851,
            -20.1343903
          ],
          [
            -44.1226917,
            -20.1343697
          ],
          [
            -44.1226909,
            -20.1343476
          ],
          [
            -44.1226528,
            -20.1342225
          ],
          [
            -44.1226371,
            -20.1342054
          ],
          [
            -44.1226094,
            -20.1341942
          ],
          [
            -44.1224014,
            -20.1341694
          ]
        ]
      },
      "id": "way/1361305886"
    },
    {
      "type": "Feature",
      "properties": {
        "@id": "way/1361305887",
        "highway": "service"
      },
      "geometry": {
        "type": "LineString",
        "coordinates": [
          [
            -44.1231467,
            -20.1338606
          ],
          [
            -44.12225,
            -20.1338728
          ]
        ]
      },
      "id": "way/1361305887"
    },
    {
      "type": "Feature",
      "properties": {
        "@id": "way/1450150002",
        "bridge": "yes",
        "highway": "footway",
        "layer": "1",
        "wheelchair": "yes"
      },
      "geometry": {
        "type": "LineString",
        "coordinates": [
          [
            -44.1134667,
            -20.1370649
          ],
          [
            -44.1134924,
            -20.1370154
          ]
        ]
      },
      "id": "way/1450150002"
    },
    {
      "type": "Feature",
      "properties": {
        "@id": "way/1450150004",
        "highway": "footway"
      },
      "geometry": {
        "type": "LineString",
        "coordinates": [
          [
            -44.1133167,
            -20.1371904
          ],
          [
            -44.1133966,
            -20.1371999
          ],
          [
            -44.1134488,
            -20.1372313
          ],
          [
            -44.1135044,
            -20.1373547
          ],
          [
            -44.113538,
            -20.1374032
          ],
          [
            -44.1135386,
            -20.1374737
          ],
          [
            -44.1135997,
            -20.1375644
          ],
          [
            -44.1136573,
            -20.1376594
          ],
          [
            -44.1137116,
            -20.1377054
          ],
          [
            -44.1137673,
            -20.1377274
          ],
          [
            -44.1138109,
            -20.13773
          ],
          [
            -44.113829,
            -20.1376953
          ],
          [
            -44.1138712,
            -20.1372578
          ],
          [
            -44.1138598,
            -20.1370979
          ],
          [
            -44.113825,
            -20.1370406
          ],
          [
            -44.1136654,
            -20.1368914
          ],
          [
            -44.1136318,
            -20.1368479
          ],
          [
            -44.1136218,
            -20.1368095
          ],
          [
            -44.1135407,
            -20.136768
          ],
          [
            -44.1133811,
            -20.1367793
          ],
          [
            -44.1133381,
            -20.1368385
          ],
          [
            -44.113318,
            -20.1368926
          ],
          [
            -44.1132993,
            -20.1369858
          ],
          [
            -44.1133167,
            -20.1371904
          ]
        ]
      },
      "id": "way/1450150004"
    },
    {
      "type": "Feature",
      "properties": {
        "@id": "way/1450150005",
        "highway": "footway",
        "wheelchair": "yes"
      },
      "geometry": {
        "type": "LineString",
        "coordinates": [
          [
            -44.1124195,
            -20.1393806
          ],
          [
            -44.1124389,
            -20.1393448
          ],
          [
            -44.1124634,
            -20.1391874
          ],
          [
            -44.1124255,
            -20.1390703
          ],
          [
            -44.112445,
            -20.1389991
          ],
          [
            -44.1125134,
            -20.1389016
          ],
          [
            -44.1133966,
            -20.1371999
          ],
          [
            -44.1134667,
            -20.1370649
          ]
        ]
      },
      "id": "way/1450150005"
    },
    {
      "type": "Feature",
      "properties": {
        "@id": "way/1450150011",
        "highway": "service"
      },
      "geometry": {
        "type": "LineString",
        "coordinates": [
          [
            -44.1108568,
            -20.1388983
          ],
          [
            -44.1109007,
            -20.1388499
          ],
          [
            -44.1110288,
            -20.1388021
          ],
          [
            -44.1111602,
            -20.1387675
          ],
          [
            -44.1113372,
            -20.1387838
          ],
          [
            -44.1121781,
            -20.1391842
          ],
          [
            -44.1123337,
            -20.1393038
          ],
          [
            -44.1124195,
            -20.1393806
          ],
          [
            -44.1124785,
            -20.1394713
          ],
          [
            -44.1125,
            -20.1395317
          ],
          [
            -44.112508,
            -20.1396262
          ],
          [
            -44.1124825,
            -20.1397911
          ],
          [
            -44.1125147,
            -20.1399347
          ],
          [
            -44.1125791,
            -20.1401676
          ],
          [
            -44.1126421,
            -20.1402242
          ],
          [
            -44.1127709,
            -20.1401965
          ],
          [
            -44.1128862,
            -20.1401172
          ],
          [
            -44.1129546,
            -20.1400203
          ]
        ]
      },
      "id": "way/1450150011"
    },
    {
      "type": "Feature",
      "properties": {
        "@id": "way/1531561053",
        "highway": "track"
      },
      "geometry": {
        "type": "LineString",
        "coordinates": [
          [
            -44.1438008,
            -20.1350143
          ],
          [
            -44.1439837,
            -20.1351852
          ],
          [
            -44.1440655,
            -20.1354119
          ],
          [
            -44.1443646,
            -20.1364104
          ],
          [
            -44.1446248,
            -20.1367554
          ],
          [
            -44.1448142,
            -20.1373565
          ],
          [
            -44.1448314,
            -20.137447
          ],
          [
            -44.144835,
            -20.1374881
          ],
          [
            -44.1448061,
            -20.1377174
          ],
          [
            -44.1446641,
            -20.138005
          ],
          [
            -44.1446322,
            -20.1380969
          ],
          [
            -44.1445953,
            -20.1382163
          ],
          [
            -44.1445463,
            -20.1383294
          ],
          [
            -44.1444644,
            -20.138594
          ],
          [
            -44.1444357,
            -20.1386687
          ],
          [
            -44.1444223,
            -20.1387964
          ],
          [
            -44.1444307,
            -20.1389218
          ],
          [
            -44.1445347,
            -20.1390565
          ],
          [
            -44.144665,
            -20.1391993
          ],
          [
            -44.1447681,
            -20.1393618
          ]
        ]
      },
      "id": "way/1531561053"
    },
    {
      "type": "Feature",
      "properties": {
        "@id": "way/1550986608",
        "highway": "service",
        "name": "Rua 1",
        "note:pt": "De terra em boa extensão, com alguns trechos de asfalto, bastante larga e com movimentação constante de caminhões, daí sua classificação como tertiary",
        "official_name": "Rua Um",
        "oneway": "no",
        "ref": "BMO-305",
        "surface": "ground"
      },
      "geometry": {
        "type": "LineString",
        "coordinates": [
          [
            -44.1156613,
            -20.1347887
          ],
          [
            -44.1157871,
            -20.1351701
          ],
          [
            -44.1159583,
            -20.135672
          ],
          [
            -44.1161022,
            -20.136088
          ],
          [
            -44.1161263,
            -20.1361913
          ]
        ]
      },
      "id": "way/1550986608"
    }
  ]
}